Workbook

Sheet Cover
N2: Original Case Author
N3: Andrew Grigolyunovich
N5: Case Design Team
N6: David Brown
N7: Chris McNeil
N8: Eric Kelley
B9: Feeding Excelopolis - Junior Varsity Edition | N9: Fritz Burkhardt
B11: Case Information | N11: MECC Jobs
B12: This case originally appeared as a part of the MECC Weekend Battle series in January 2026. The objective is to calculate the population growth of Excelopolis over time. The case uses the same scoring as the original competition version, but answers are included so you can check your work. | N12: MECC sponsors such as Siemens, New York Life, Alvarez & Marsal, and BDO have all hired MECC participants. Will you be next?
N14: Earn MECC Badges
N15: Live participation in Weekend Battles counts towards earning the Excel Athlete Badge. Complete more challenges to earn the badge to post on LinkedIn!
XX1000: 125713

Sheet Case
B2: Microsoft Excel Collegiate Challenge 2026
B4: Feeding Excelopolis - MECC Junior Varsity Edition | N4: Original Case Author
N5: Andrew Grigolyunovich
N7: Case Design Team
N8: David Brown
N9: Chris McNeil
N10: Eric Kelley
N11: Fritz Burkhardt
B13: Instructions
B14: You are a chief of a tribe of nomads. Your tribe has recently discovered some advanced agricultural technologies and decided to settle down and found a city. You name the city Excelopolis.
B15: You want to forecast how fast will the population of your city grow based on 140 different scenarios listed below. Each scenario provides different land fertility assumptions.
B17: Key rules for the case:
B18: - Excelopolis is founded at the beginning of Year 1. The new era starts for your people!
B19: - The initial size of your city's population is 1 unit.
B20: - The land around Excelopolis is represented by Excel cells (see table below). The city itself is located in cell D4. The table shows an example of land fertility distribution.
B21: - Note that land fertility values in each game usually differ from the table example.
B23: Land cultivation:
B24: - Every unit of population can cultivate 1 cell of land around the city (so, initially, your people will be cultivating only 1 cell).
B25: - Different cells have different fertility - each of them can give you from 2 to 5 units of food. You will be using the most fertile cells first.
B26: - For example, if there are three people, they will each cultivate one cell, starting with the most fertile cell. Thus, in this case, the three people will cultivate the three most fertile cells
... B34: - The 10x units of food stored in the warehouse are used for growth and the warehouse now is empty or almost empty.
B37: Case Details by Difficulty Level | I37: Land Fertility Example: Excelopolis (Cell D4) & Surroundings
B38: Original Case (Pro Level) | E38: 49 cells can be used - 3 rings around the city | J38: 1 | K38: 2 | L38: 3 | M38: 4 | N38: 5 | O38: 6 | P38: 7
B39: Varsity Case | E39: 25 cells can be used - 2 rings around the city | I39: A | J39: 3 | K39: 1 | L39: 2 | M39: 2 | N39: 2 | O39: 1 | P39: 2
B40: Junior Varsity Case | E40: 9 blue cells can be used - 1 ring around the city | I40: B | J40: 2 | K40: 3 | L40: 5 | M40: 5 | N40: 5 | O40: 3 | P40: 1
I41: C | J41: 3 | K41: 3 | L41: 3 | M41: 5 | N41: 3 | O41: 2 | P41: 2
B42: The Cells Around Excelopolis: | I42: D | J42: 3 | K42: 2 | L42: 4 | M42: 3 | N42: 3 | O42: 2 | P42: 1
C43: Used in Junior Varsity, Varsity, and Original Case | I43: E | J43: 2 | K43: 3 | L43: 2 | M43: 3 | N43: 3 | O43: 3 | P43: 2
C44: Used only in Varsity and Original Case | I44: F | J44: 1 | K44: 2 | L44: 2 | M44: 3 | N44: 3 | O44: 2 | P44: 3
C45: Used only in Original Case | I45: G | J45: 2 | K45: 1 | L45: 1 | M45: 2 | N45: 3 | O45: 2 | P45: 2
B47: Bonus Questions
B49: To make the game more exciting, we have created 5 bonus questions for you. Bonus questions 1, 2, and 3 can be solved independently of the Levels. Bonus questions 4 and 5 depend on
B50: having the correct answers to the Levels 1 - 7.
B52: Game # | C52: Relates to Level # | D52: Points | E52: Answer | G52: Question
B53: Bonus 1 | C53: 1-7 | D53: 50 | F53: =IF(ISBLANK(E53),0,IF(E53=Answers!E53,1,-1)) -> 0 | G53: How many times does the most common land fertility value for a single cell occur across levels, excluding the examples? Land fertility cell values range from 2 to 5.
B54: Bonus 2 | C54: 1-7 | D54: 50 | F54: =IF(ISBLANK(E54),0,IF(E54=Answers!E54,1,-1)) -> 0 | G54: Which game number has the most fertile land, i.e., the highest sum of fertility values, excluding the examples?
B55: Bonus 3 | C55: 1-7 | D55: 50 | F55: =IF(ISBLANK(E55),0,IF(E55=Answers!E55,1,-1)) -> 0 | G55: What is the maximum number of plots of lowest fertile land (most values of 2) within a game, excluding the examples?
B56: Bonus 4 | C56: 1-7 | D56: 50 | F56: =IF(ISBLANK(E56),0,IF(E56=Answers!E56,1,-1)) -> 0 | G56: What is the most common answer across all games, excluding the examples?
B57: Bonus 5 | C57: 1-7 | D57: 50 | F57: =IF(ISBLANK(E57),0,IF(E57=Answers!E57,1,-1)) -> 0 | G57: What is the sum of the answers across all levels for odd game numbers, i.e., 1, 3, 5, …., 139? Exclude the examples.
B59: Levels
B61: Level 1 | C61: Very Easy
B63: How much food would be produced if citizens worked every available cell?
B65: Example1: Summing the land fertility values given in G73:O73 gives 3+5+3+4+3+3+2+3+3=29.
B67: Answer Hints:
B68: Game 1's answer is between 20 and 30.
B69: Game 2's answer is between 30 and 40.
B70: Game 3's answer is between 30 and 40.
G71: Land Fertility by Cell
B72: Game # | C72: Level | D72: Points | E72: Answer | G72: C3 | H72: C4 | I72: C5 | J72: D3 | K72: D4 | L72: D5 | M72: E3 | N72: E4 | O72: E5
B74: Example1 | C74: 1 | D74: 0 | E74: 29 | F74: =IF(ISBLANK(E74),0,IF(E74=Answers!E74,1,-1)) -> 1 | G74: 3 | H74: 5 | I74: 3 | J74: 4 | K74: 3 | L74: 3 | M74: 2 | N74: 3 | O74: 3
B76: 1 | C76: 1 | D76: 4 | E76: {=_xlfn.BYROW(G76:O95,_xleta.SUM)} -> 29 | F76: =IF(ISBLANK(E76),0,IF(E76=Answers!E76,1,-1)) -> 1 | G76: 3 | H76: 5 | I76: 3 | J76: 2 | K76: 3 | L76: 2 | M76: 4 | N76: 5 | O76: 2
B77: 2 | C77: 1 | D77: 4 | E77: 31 | F77: =IF(ISBLANK(E77),0,IF(E77=Answers!E77,1,-1)) -> 1 | G77: 3 | H77: 2 | I77: 4 | J77: 3 | K77: 5 | L77: 4 | M77: 3 | N77: 5 | O77: 2
B78: 3 | C78: 1 | D78: 4 | E78: 35 | F78: =IF(ISBLANK(E78),0,IF(E78=Answers!E78,1,-1)) -> 1 | G78: 3 | H78: 5 | I78: 3 | J78: 4 | K78: 5 | L78: 5 | M78: 4 | N78: 3 | O78: 3
B79: 4 | C79: 1 | D79: 4 | E79: 35 | F79: =IF(ISBLANK(E79),0,IF(E79=Answers!E79,1,-1)) -> 1 | G79: 4 | H79: 3 | I79: 5 | J79: 5 | K79: 2 | L79: 4 | M79: 5 | N79: 4 | O79: 3
B80: 5 | C80: 1 | D80: 4 | E80: 28 | F80: =IF(ISBLANK(E80),0,IF(E80=Answers!E80,1,-1)) -> 1 | G80: 2 | H80: 3 | I80: 3 | J80: 5 | K80: 4 | L80: 4 | M80: 2 | N80: 2 | O80: 3
B81: 6 | C81: 1 | D81: 4 | E81: 31 | F81: =IF(ISBLANK(E81),0,IF(E81=Answers!E81,1,-1)) -> 1 | G81: 4 | H81: 4 | I81: 3 | J81: 2 | K81: 2 | L81: 4 | M81: 5 | N81: 2 | O81: 5
B82: 7 | C82: 1 | D82: 4 | E82: 30 | F82: =IF(ISBLANK(E82),0,IF(E82=Answers!E82,1,-1)) -> 1 | G82: 5 | H82: 5 | I82: 4 | J82: 4 | K82: 2 | L82: 2 | M82: 4 | N82: 2 | O82: 2
B83: 8 | C83: 1 | D83: 4 | E83: 32 | F83: =IF(ISBLANK(E83),0,IF(E83=Answers!E83,1,-1)) -> 1 | G83: 4 | H83: 3 | I83: 4 | J83: 5 | K83: 3 | L83: 2 | M83: 2 | N83: 5 | O83: 4
B84: 9 | C84: 1 | D84: 4 | E84: 37 | F84: =IF(ISBLANK(E84),0,IF(E84=Answers!E84,1,-1)) -> 1 | G84: 5 | H84: 4 | I84: 3 | J84: 4 | K84: 5 | L84: 2 | M84: 5 | N84: 5 | O84: 4
B85: 10 | C85: 1 | D85: 4 | E85: 33 | F85: =IF(ISBLANK(E85),0,IF(E85=Answers!E85,1,-1)) -> 1 | G85: 3 | H85: 5 | I85: 2 | J85: 4 | K85: 5 | L85: 5 | M85: 3 | N85: 2 | O85: 4
B86: 11 | C86: 1 | D86: 4 | E86: 28 | F86: =IF(ISBLANK(E86),0,IF(E86=Answers!E86,1,-1)) -> 1 | G86: 5 | H86: 2 | I86: 2 | J86: 3 | K86: 2 | L86: 3 | M86: 5 | N86: 4 | O86: 2
B87: 12 | C87: 1 | D87: 4 | E87: 34 | F87: =IF(ISBLANK(E87),0,IF(E87=Answers!E87,1,-1)) -> 1 | G87: 5 | H87: 4 | I87: 5 | J87: 2 | K87: 4 | L87: 5 | M87: 2 | N87: 5 | O87: 2
B88: 13 | C88: 1 | D88: 4 | E88: 31 | F88: =IF(ISBLANK(E88),0,IF(E88=Answers!E88,1,-1)) -> 1 | G88: 3 | H88: 4 | I88: 2 | J88: 3 | K88: 2 | L88: 5 | M88: 4 | N88: 3 | O88: 5
... B95: 20 | C95: 1 | D95: 4 | E95: 34 | F95: =IF(ISBLANK(E95),0,IF(E95=Answers!E95,1,-1)) -> 1 | G95: 5 | H95: 3 | I95: 4 | J95: 4 | K95: 4 | L95: 5 | M95: 4 | N95: 3 | O95: 2
B97: Level 2 | C97: Easy
B99: What is the highest land fertility value for each game?
B101: Example2: The maximum of the values in cells G109:O109 (3, 5, 3, 4, 3, 3, 2, 3, and 3) is 5.
B103: Answer Hints:
B104: Game 21's answer is odd.
B105: Game 22's answer is even.
B106: Game 23's answer is odd.
G107: Land Fertility by Cell
B108: Game # | C108: Level | D108: Points | E108: Answer | G108: C3 | H108: C4 | I108: C5 | J108: D3 | K108: D4 | L108: D5 | M108: E3 | N108: E4 | O108: E5
B110: Example2 | C110: 2 | D110: 0 | E110: 5 | F110: =IF(ISBLANK(E110),0,IF(E110=Answers!E110,1,-1)) -> 1 | G110: 3 | H110: 5 | I110: 3 | J110: 4 | K110: 3 | L110: 3 | M110: 2 | N110: 3 | O110: 3
B112: 21 | C112: 2 | D112: 5 | E112: {=_xlfn.BYROW(G112:O131, _xleta.MAX)} -> 5 | F112: =IF(ISBLANK(E112),0,IF(E112=Answers!E112,1,-1)) -> 1 | G112: 3 | H112: 5 | I112: 2 | J112: 3 | K112: 2 | L112: 2 | M112: 5 | N112: 2 | O112: 5
B113: 22 | C113: 2 | D113: 5 | E113: 4 | F113: =IF(ISBLANK(E113),0,IF(E113=Answers!E113,1,-1)) -> 1 | G113: 2 | H113: 2 | I113: 4 | J113: 4 | K113: 4 | L113: 3 | M113: 2 | N113: 2 | O113: 4
B114: 23 | C114: 2 | D114: 5 | E114: 5 | F114: =IF(ISBLANK(E114),0,IF(E114=Answers!E114,1,-1)) -> 1 | G114: 4 | H114: 4 | I114: 5 | J114: 2 | K114: 2 | L114: 5 | M114: 3 | N114: 3 | O114: 2
B115: 24 | C115: 2 | D115: 5 | E115: 5 | F115: =IF(ISBLANK(E115),0,IF(E115=Answers!E115,1,-1)) -> 1 | G115: 3 | H115: 5 | I115: 3 | J115: 3 | K115: 3 | L115: 5 | M115: 5 | N115: 4 | O115: 5
B116: 25 | C116: 2 | D116: 5 | E116: 5 | F116: =IF(ISBLANK(E116),0,IF(E116=Answers!E116,1,-1)) -> 1 | G116: 2 | H116: 5 | I116: 4 | J116: 3 | K116: 3 | L116: 5 | M116: 2 | N116: 2 | O116: 4
B117: 26 | C117: 2 | D117: 5 | E117: 5 | F117: =IF(ISBLANK(E117),0,IF(E117=Answers!E117,1,-1)) -> 1 | G117: 4 | H117: 3 | I117: 4 | J117: 5 | K117: 2 | L117: 2 | M117: 5 | N117: 2 | O117: 2
B118: 27 | C118: 2 | D118: 5 | E118: 3 | F118: =IF(ISBLANK(E118),0,IF(E118=Answers!E118,1,-1)) -> 1 | G118: 2 | H118: 3 | I118: 2 | J118: 2 | K118: 3 | L118: 2 | M118: 3 | N118: 3 | O118: 3
B119: 28 | C119: 2 | D119: 5 | E119: 5 | F119: =IF(ISBLANK(E119),0,IF(E119=Answers!E119,1,-1)) -> 1 | G119: 5 | H119: 2 | I119: 5 | J119: 2 | K119: 4 | L119: 2 | M119: 5 | N119: 3 | O119: 5
B120: 29 | C120: 2 | D120: 5 | E120: 5 | F120: =IF(ISBLANK(E120),0,IF(E120=Answers!E120,1,-1)) -> 1 | G120: 5 | H120: 2 | I120: 2 | J120: 4 | K120: 5 | L120: 2 | M120: 2 | N120: 3 | O120: 3
B121: 30 | C121: 2 | D121: 5 | E121: 5 | F121: =IF(ISBLANK(E121),0,IF(E121=Answers!E121,1,-1)) -> 1 | G121: 2 | H121: 5 | I121: 5 | J121: 2 | K121: 3 | L121: 5 | M121: 3 | N121: 3 | O121: 4
B122: 31 | C122: 2 | D122: 5 | E122: 5 | F122: =IF(ISBLANK(E122),0,IF(E122=Answers!E122,1,-1)) -> 1 | G122: 2 | H122: 2 | I122: 5 | J122: 5 | K122: 5 | L122: 2 | M122: 2 | N122: 3 | O122: 5
B123: 32 | C123: 2 | D123: 5 | E123: 5 | F123: =IF(ISBLANK(E123),0,IF(E123=Answers!E123,1,-1)) -> 1 | G123: 2 | H123: 2 | I123: 3 | J123: 5 | K123: 3 | L123: 5 | M123: 3 | N123: 3 | O123: 2
B124: 33 | C124: 2 | D124: 5 | E124: 5 | F124: =IF(ISBLANK(E124),0,IF(E124=Answers!E124,1,-1)) -> 1 | G124: 5 | H124: 4 | I124: 3 | J124: 3 | K124: 5 | L124: 5 | M124: 5 | N124: 5 | O124: 3
... B131: 40 | C131: 2 | D131: 5 | E131: 5 | F131: =IF(ISBLANK(E131),0,IF(E131=Answers!E131,1,-1)) -> 1 | G131: 5 | H131: 4 | I131: 2 | J131: 2 | K131: 4 | L131: 4 | M131: 3 | N131: 4 | O131: 3
B133: Level 3 | C133: Medium
B135: What is the sum of the two highest land fertility value for each game?
B137: Example3: The two highest values in cells G144:O144 (3, 5, 3, 4, 3, 3, 2, 3, and 3) are 5 and 4 and their sum is 9.
B139: Answer Hints:
B140: Game 41's answer is even.
B141: Game 42's answer is even.
B142: Game 43's answer is odd.
G143: Land Fertility by Cell
B144: Game # | C144: Level | D144: Points | E144: Answer | G144: C3 | H144: C4 | I144: C5 | J144: D3 | K144: D4 | L144: D5 | M144: E3 | N144: E4 | O144: E5
B146: Example3 | C146: 3 | D146: 0 | E146: 9 | F146: =IF(ISBLANK(E146),0,IF(E146=Answers!E146,1,-1)) -> 1 | G146: 3 | H146: 5 | I146: 3 | J146: 4 | K146: 3 | L146: 3 | M146: 2 | N146: 3 | O146: 3
B148: 41 | C148: 3 | D148: 6 | E148: {=_xlfn.BYROW(G148:O167, _xlfn.LAMBDA(_xlpm.r, SUM(MAX(_xlpm.r) + LARGE(_xlpm.r, 2))))} -> 8 | F148: =IF(ISBLANK(E148),0,IF(E148=Answers!E148,1,-1)) -> 1 | G148: 5 | H148: 3 | I148: 3 | J148: 3 | K148: 3 | L148: 3 | M148: 2 | N148: 2 | O148: 2
B149: 42 | C149: 3 | D149: 6 | E149: 10 | F149: =IF(ISBLANK(E149),0,IF(E149=Answers!E149,1,-1)) -> 1 | G149: 5 | H149: 5 | I149: 3 | J149: 5 | K149: 3 | L149: 4 | M149: 3 | N149: 5 | O149: 3
...

Sheet Graded Answers
B1: Your Answers
B2: Game # | C2: Answer | D2: Points
B3: Bonus 1 | C3: =IF(ISBLANK(Case!E53),"",Case!E53) | D3: 50
B4: Bonus 2 | C4: =IF(ISBLANK(Case!E54),"",Case!E54) | D4: 50
B5: Bonus 3 | C5: =IF(ISBLANK(Case!E55),"",Case!E55) | D5: 50
B6: Bonus 4 | C6: =IF(ISBLANK(Case!E56),"",Case!E56) | D6: 50
B7: Bonus 5 | C7: =IF(ISBLANK(Case!E57),"",Case!E57) | D7: 50
B8: 1 | C8: =IF(ISBLANK(Case!E76),"",Case!E76) -> 29 | D8: 4
B9: =B8+1 -> 2 | C9: =IF(ISBLANK(Case!E77),"",Case!E77) -> 31 | D9: 4
B10: =B9+1 -> 3 | C10: =IF(ISBLANK(Case!E78),"",Case!E78) -> 35 | D10: 4
B11: =B10+1 -> 4 | C11: =IF(ISBLANK(Case!E79),"",Case!E79) -> 35 | D11: 4
B12: =B11+1 -> 5 | C12: =IF(ISBLANK(Case!E80),"",Case!E80) -> 28 | D12: 4
B13: =B12+1 -> 6 | C13: =IF(ISBLANK(Case!E81),"",Case!E81) -> 31 | D13: 4
B14: =B13+1 -> 7 | C14: =IF(ISBLANK(Case!E82),"",Case!E82) -> 30 | D14: 4
B15: =B14+1 -> 8 | C15: =IF(ISBLANK(Case!E83),"",Case!E83) -> 32 | D15: 4
B16: =B15+1 -> 9 | C16: =IF(ISBLANK(Case!E84),"",Case!E84) -> 37 | D16: 4
B17: =B16+1 -> 10 | C17: =IF(ISBLANK(Case!E85),"",Case!E85) -> 33 | D17: 4
B18: =B17+1 -> 11 | C18: =IF(ISBLANK(Case!E86),"",Case!E86) -> 28 | D18: 4
B19: =B18+1 -> 12 | C19: =IF(ISBLANK(Case!E87),"",Case!E87) -> 34 | D19: 4
B20: =B19+1 -> 13 | C20: =IF(ISBLANK(Case!E88),"",Case!E88) -> 31 | D20: 4
... B27: =B26+1 -> 20 | C27: =IF(ISBLANK(Case!E95),"",Case!E95) -> 34 | D27: 4
B28: =B27+1 -> 21 | C28: =IF(ISBLANK(Case!E112),"",Case!E112) -> 5 | D28: 5
B29: =B28+1 -> 22 | C29: =IF(ISBLANK(Case!E113),"",Case!E113) -> 4 | D29: 5
B30: =B29+1 -> 23 | C30: =IF(ISBLANK(Case!E114),"",Case!E114) -> 5 | D30: 5
B31: =B30+1 -> 24 | C31: =IF(ISBLANK(Case!E115),"",Case!E115) -> 5 | D31: 5
B32: =B31+1 -> 25 | C32: =IF(ISBLANK(Case!E116),"",Case!E116) -> 5 | D32: 5
B33: =B32+1 -> 26 | C33: =IF(ISBLANK(Case!E117),"",Case!E117) -> 5 | D33: 5
B34: =B33+1 -> 27 | C34: =IF(ISBLANK(Case!E118),"",Case!E118) -> 3 | D34: 5
B35: =B34+1 -> 28 | C35: =IF(ISBLANK(Case!E119),"",Case!E119) -> 5 | D35: 5
B36: =B35+1 -> 29 | C36: =IF(ISBLANK(Case!E120),"",Case!E120) -> 5 | D36: 5
B37: =B36+1 -> 30 | C37: =IF(ISBLANK(Case!E121),"",Case!E121) -> 5 | D37: 5
B38: =B37+1 -> 31 | C38: =IF(ISBLANK(Case!E122),"",Case!E122) -> 5 | D38: 5
B39: =B38+1 -> 32 | C39: =IF(ISBLANK(Case!E123),"",Case!E123) -> 5 | D39: 5
... B47: =B46+1 -> 40 | C47: =IF(ISBLANK(Case!E131),"",Case!E131) -> 5 | D47: 5
B48: =B47+1 -> 41 | C48: =IF(ISBLANK(Case!E148),"",Case!E148) -> 8 | D48: 6
B49: =B48+1 -> 42 | C49: =IF(ISBLANK(Case!E149),"",Case!E149) -> 10 | D49: 6
B50: =B49+1 -> 43 | C50: =IF(ISBLANK(Case!E150),"",Case!E150) -> 9 | D50: 6
B51: =B50+1 -> 44 | C51: =IF(ISBLANK(Case!E151),"",Case!E151) -> 10 | D51: 6
B52: =B51+1 -> 45 | C52: =IF(ISBLANK(Case!E152),"",Case!E152) -> 10 | D52: 6
B53: =B52+1 -> 46 | C53: =IF(ISBLANK(Case!E153),"",Case!E153) -> 10 | D53: 6
B54: =B53+1 -> 47 | C54: =IF(ISBLANK(Case!E154),"",Case!E154) -> 10 | D54: 6
B55: =B54+1 -> 48 | C55: =IF(ISBLANK(Case!E155),"",Case!E155) -> 10 | D55: 6
B56: =B55+1 -> 49 | C56: =IF(ISBLANK(Case!E156),"",Case!E156) -> 10 | D56: 6
B57: =B56+1 -> 50 | C57: =IF(ISBLANK(Case!E157),"",Case!E157) -> 9 | D57: 6
B58: =B57+1 -> 51 | C58: =IF(ISBLANK(Case!E158),"",Case!E158) -> 10 | D58: 6
B59: =B58+1 -> 52 | C59: =IF(ISBLANK(Case!E159),"",Case!E159) -> 9 | D59: 6
... B67: =B66+1 -> 60 | C67: =IF(ISBLANK(Case!E167),"",Case!E167) -> 10 | D67: 6
B68: =B67+1 -> 61 | C68: =IF(ISBLANK(Case!E185),"",Case!E185) -> 25 | D68: 7
B69: =B68+1 -> 62 | C69: =IF(ISBLANK(Case!E186),"",Case!E186) -> 30 | D69: 7
B70: =B69+1 -> 63 | C70: =IF(ISBLANK(Case!E187),"",Case!E187) -> 12 | D70: 7
B71: =B70+1 -> 64 | C71: =IF(ISBLANK(Case!E188),"",Case!E188) -> 29 | D71: 7
B72: =B71+1 -> 65 | C72: =IF(ISBLANK(Case!E189),"",Case!E189) -> 25 | D72: 7
B73: =B72+1 -> 66 | C73: =IF(ISBLANK(Case!E190),"",Case!E190) -> 15 | D73: 7
B74: =B73+1 -> 67 | C74: =IF(ISBLANK(Case!E191),"",Case!E191) -> 28 | D74: 7
B75: =B74+1 -> 68 | C75: =IF(ISBLANK(Case!E192),"",Case!E192) -> 29 | D75: 7
B76: =B75+1 -> 69 | C76: =IF(ISBLANK(Case!E193),"",Case!E193) -> 31 | D76: 7
B77: =B76+1 -> 70 | C77: =IF(ISBLANK(Case!E194),"",Case!E194) -> 20 | D77: 7
B78: =B77+1 -> 71 | C78: =IF(ISBLANK(Case!E195),"",Case!E195) -> 19 | D78: 7
B79: =B78+1 -> 72 | C79: =IF(ISBLANK(Case!E196),"",Case!E196) -> 26 | D79: 7
... B87: =B86+1 -> 80 | C87: =IF(ISBLANK(Case!E204),"",Case!E204) -> 34 | D87: 7
B88: =B87+1 -> 81 | C88: =IF(ISBLANK(Case!E222),"",Case!E222) -> 9 | D88: 8
B89: =B88+1 -> 82 | C89: =IF(ISBLANK(Case!E223),"",Case!E223) -> 13 | D89: 8
B90: =B89+1 -> 83 | C90: =IF(ISBLANK(Case!E224),"",Case!E224) -> 13 | D90: 8
B91: =B90+1 -> 84 | C91: =IF(ISBLANK(Case!E225),"",Case!E225) -> 10 | D91: 8
B92: =B91+1 -> 85 | C92: =IF(ISBLANK(Case!E226),"",Case!E226) -> 6 | D92: 8
B93: =B92+1 -> 86 | C93: =IF(ISBLANK(Case!E227),"",Case!E227) -> 12 | D93: 8
B94: =B93+1 -> 87 | C94: =IF(ISBLANK(Case!E228),"",Case!E228) -> 3 | D94: 8
B95: =B94+1 -> 88 | C95: =IF(ISBLANK(Case!E229),"",Case!E229) -> 6 | D95: 8
B96: =B95+1 -> 89 | C96: =IF(ISBLANK(Case!E230),"",Case!E230) -> 9 | D96: 8
B97: =B96+1 -> 90 | C97: =IF(ISBLANK(Case!E231),"",Case!E231) -> 15 | D97: 8
B98: =B97+1 -> 91 | C98: =IF(ISBLANK(Case!E232),"",Case!E232) -> 6 | D98: 8
B99: =B98+1 -> 92 | C99: =IF(ISBLANK(Case!E233),"",Case!E233) -> 15 | D99: 8
... B107: =B106+1 -> 100 | C107: =IF(ISBLANK(Case!E241),"",Case!E241) -> 3 | D107: 8
B108: =B107+1 -> 101 | C108: =IF(ISBLANK(Case!E260),"",Case!E260) -> 3 | D108: 9
B109: =B108+1 -> 102 | C109: =IF(ISBLANK(Case!E261),"",Case!E261) -> -1 | D109: 9
B110: =B109+1 -> 103 | C110: =IF(ISBLANK(Case!E262),"",Case!E262) -> 1 | D110: 9
B111: =B110+1 -> 104 | C111: =IF(ISBLANK(Case!E263),"",Case!E263) | D111: 9
B112: =B111+1 -> 105 | C112: =IF(ISBLANK(Case!E264),"",Case!E264) | D112: 9
B113: =B112+1 -> 106 | C113: =IF(ISBLANK(Case!E265),"",Case!E265) | D113: 9
B114: =B113+1 -> 107 | C114: =IF(ISBLANK(Case!E266),"",Case!E266) | D114: 9
B115: =B114+1 -> 108 | C115: =IF(ISBLANK(Case!E267),"",Case!E267) | D115: 9
B116: =B115+1 -> 109 | C116: =IF(ISBLANK(Case!E268),"",Case!E268) | D116: 9
B117: =B116+1 -> 110 | C117: =IF(ISBLANK(Case!E269),"",Case!E269) | D117: 9
B118: =B117+1 -> 111 | C118: =IF(ISBLANK(Case!E270),"",Case!E270) | D118: 9
B119: =B118+1 -> 112 | C119: =IF(ISBLANK(Case!E271),"",Case!E271) | D119: 9
... B127: =B126+1 -> 120 | C127: =IF(ISBLANK(Case!E279),"",Case!E279) | D127: 9
B128: =B127+1 -> 121 | C128: =IF(ISBLANK(Case!E302),"",Case!E302) | D128: 11
B129: =B128+1 -> 122 | C129: =IF(ISBLANK(Case!E303),"",Case!E303) | D129: 11
B130: =B129+1 -> 123 | C130: =IF(ISBLANK(Case!E304),"",Case!E304) | D130: 11
B131: =B130+1 -> 124 | C131: =IF(ISBLANK(Case!E305),"",Case!E305) | D131: 11
B132: =B131+1 -> 125 | C132: =IF(ISBLANK(Case!E306),"",Case!E306) | D132: 11
B133: =B132+1 -> 126 | C133: =IF(ISBLANK(Case!E307),"",Case!E307) | D133: 11
B134: =B133+1 -> 127 | C134: =IF(ISBLANK(Case!E308),"",Case!E308) | D134: 11
B135: =B134+1 -> 128 | C135: =IF(ISBLANK(Case!E309),"",Case!E309) | D135: 11
B136: =B135+1 -> 129 | C136: =IF(ISBLANK(Case!E310),"",Case!E310) | D136: 11
B137: =B136+1 -> 130 | C137: =IF(ISBLANK(Case!E311),"",Case!E311) | D137: 11
B138: =B137+1 -> 131 | C138: =IF(ISBLANK(Case!E312),"",Case!E312) | D138: 11
B139: =B138+1 -> 132 | C139: =IF(ISBLANK(Case!E313),"",Case!E313) | D139: 11
... B147: =B146+1 -> 140 | C147: =IF(ISBLANK(Case!E321),"",Case!E321) | D147: 11

Sheet Answers
B2: Microsoft Excel Collegiate Challenge 2026
B4: Feeding Excelopolis - MECC Junior Varsity Edition | N4: Original Case Author
N5: Andrew Grigolyunovich
N7: Case Design Team
N8: David Brown
N9: Chris McNeil
N10: Eric Kelley
N11: Fritz Burkhardt
B13: Instructions
B14: You are a chief of a tribe of nomads. Your tribe has recently discovered some advanced agricultural technologies and decided to settle down and found a city. You name the city Excelopolis.
B15: You want to forecast how fast will the population of your city grow based on 140 different scenarios listed below. Each scenario provides different land fertility assumptions.
B17: Key rules for the case:
B18: - Excelopolis is founded at the beginning of Year 1. The new era starts for your people!
B19: - The initial size of your city's population is 1 unit.
B20: - The land around Excelopolis is represented by Excel cells (see table below). The city itself is located in cell D4. The table shows an example of land fertility distribution.
B21: - Note that land fertility values in each game usually differ from the table example.
B23: Land cultivation:
B24: - Every unit of population can cultivate 1 cell of land around the city (so, initially, your people will be cultivating only 1 cell).
B25: - Different cells have different fertility - each of them can give you from 2 to 5 units of food. You will be using the most fertile cells first.
B26: - For example, if there are three people, they will each cultivate one cell, starting with the most fertile cell. Thus, in this case, the three people will cultivate the three most fertile cells
... B34: - The 10x units of food stored in the warehouse are used for growth and the warehouse now is empty or almost empty.
B37: Case Details by Difficulty Level | I37: Land Fertility Example: Excelopolis (Cell D4) & Surroundings
B38: Original Case (Pro Level) | E38: 49 cells can be used - 3 rings around the city | J38: 1 | K38: 2 | L38: 3 | M38: 4 | N38: 5 | O38: 6 | P38: 7
B39: Varsity Case | E39: 25 cells can be used - 2 rings around the city | I39: A | J39: 3 | K39: 1 | L39: 2 | M39: 2 | N39: 2 | O39: 1 | P39: 2
B40: Junior Varsity Case | E40: 9 blue cells can be used - 1 ring around the city | I40: B | J40: 2 | K40: 3 | L40: 5 | M40: 5 | N40: 5 | O40: 3 | P40: 1
I41: C | J41: 3 | K41: 3 | L41: 3 | M41: 5 | N41: 3 | O41: 2 | P41: 2
B42: The Cells Around Excelopolis: | I42: D | J42: 3 | K42: 2 | L42: 4 | M42: 3 | N42: 3 | O42: 2 | P42: 1
C43: Used in Junior Varsity, Varsity, and Original Case | I43: E | J43: 2 | K43: 3 | L43: 2 | M43: 3 | N43: 3 | O43: 3 | P43: 2
C44: Used only in Varsity and Original Case | I44: F | J44: 1 | K44: 2 | L44: 2 | M44: 3 | N44: 3 | O44: 2 | P44: 3
C45: Used only in Original Case | I45: G | J45: 2 | K45: 1 | L45: 1 | M45: 2 | N45: 3 | O45: 2 | P45: 2
B47: Bonus Questions
B49: To make the game more exciting, we have created 5 bonus questions for you. Bonus questions 1, 2, and 3 can be solved independently of the Levels. Bonus questions 4 and 5 depend on
B50: having the correct answers to the Levels 1 - 7.
B52: Game # | C52: Relates to Level # | D52: Points | E52: Answer | G52: Question
B53: Bonus 1 | C53: 1-7 | D53: 50 | E53: 355 | G53: How many times does the most common land fertility value for a single cell occur across levels, excluding the examples? Land fertility cell values range from 2 to 5.
B54: Bonus 2 | C54: 1-7 | D54: 50 | E54: 53 | G54: Which game number has the most fertile land, i.e., the highest sum of fertility values, excluding the examples?
B55: Bonus 3 | C55: 1-7 | D55: 50 | E55: 6 | G55: What is the maximum number of plots of lowest fertile land (most values of 2) within a game, excluding the examples?
B56: Bonus 4 | C56: 1-7 | D56: 50 | E56: 10 | G56: What is the most common answer across all games, excluding the examples?
B57: Bonus 5 | C57: 1-7 | D57: 50 | E57: 1746 | G57: What is the sum of the answers across all levels for odd game numbers, i.e., 1, 3, 5, …., 139? Exclude the examples.
B59: Levels
B61: Level 1 | C61: Very Easy
B63: How much food would be produced if citizens worked every available cell?
B65: Example1: Summing the land fertility values given in G73:O73 gives 3+5+3+4+3+3+2+3+3=29.
B67: Answer Hints:
B68: Game 1's answer is between 20 and 30.
B69: Game 2's answer is between 30 and 40.
B70: Game 3's answer is between 30 and 40.
G71: Land Fertility by Cell
B72: Game # | C72: Level | D72: Points | E72: Answer | G72: C3 | H72: C4 | I72: C5 | J72: D3 | K72: D4 | L72: D5 | M72: E3 | N72: E4 | O72: E5
B74: Example1 | C74: 1 | D74: 0 | E74: 29 | G74: 3 | H74: 5 | I74: 3 | J74: 4 | K74: 3 | L74: 3 | M74: 2 | N74: 3 | O74: 3
B76: 1 | C76: 1 | D76: 4 | E76: 29 | G76: 3 | H76: 5 | I76: 3 | J76: 2 | K76: 3 | L76: 2 | M76: 4 | N76: 5 | O76: 2
B77: 2 | C77: 1 | D77: 4 | E77: 31 | G77: 3 | H77: 2 | I77: 4 | J77: 3 | K77: 5 | L77: 4 | M77: 3 | N77: 5 | O77: 2
B78: 3 | C78: 1 | D78: 4 | E78: 35 | G78: 3 | H78: 5 | I78: 3 | J78: 4 | K78: 5 | L78: 5 | M78: 4 | N78: 3 | O78: 3
B79: 4 | C79: 1 | D79: 4 | E79: 35 | G79: 4 | H79: 3 | I79: 5 | J79: 5 | K79: 2 | L79: 4 | M79: 5 | N79: 4 | O79: 3
B80: 5 | C80: 1 | D80: 4 | E80: 28 | G80: 2 | H80: 3 | I80: 3 | J80: 5 | K80: 4 | L80: 4 | M80: 2 | N80: 2 | O80: 3
B81: 6 | C81: 1 | D81: 4 | E81: 31 | G81: 4 | H81: 4 | I81: 3 | J81: 2 | K81: 2 | L81: 4 | M81: 5 | N81: 2 | O81: 5
B82: 7 | C82: 1 | D82: 4 | E82: 30 | G82: 5 | H82: 5 | I82: 4 | J82: 4 | K82: 2 | L82: 2 | M82: 4 | N82: 2 | O82: 2
B83: 8 | C83: 1 | D83: 4 | E83: 32 | G83: 4 | H83: 3 | I83: 4 | J83: 5 | K83: 3 | L83: 2 | M83: 2 | N83: 5 | O83: 4
B84: 9 | C84: 1 | D84: 4 | E84: 37 | G84: 5 | H84: 4 | I84: 3 | J84: 4 | K84: 5 | L84: 2 | M84: 5 | N84: 5 | O84: 4
B85: 10 | C85: 1 | D85: 4 | E85: 33 | G85: 3 | H85: 5 | I85: 2 | J85: 4 | K85: 5 | L85: 5 | M85: 3 | N85: 2 | O85: 4
B86: 11 | C86: 1 | D86: 4 | E86: 28 | G86: 5 | H86: 2 | I86: 2 | J86: 3 | K86: 2 | L86: 3 | M86: 5 | N86: 4 | O86: 2
B87: 12 | C87: 1 | D87: 4 | E87: 34 | G87: 5 | H87: 4 | I87: 5 | J87: 2 | K87: 4 | L87: 5 | M87: 2 | N87: 5 | O87: 2
... B95: 20 | C95: 1 | D95: 4 | E95: 34 | G95: 5 | H95: 3 | I95: 4 | J95: 4 | K95: 4 | L95: 5 | M95: 4 | N95: 3 | O95: 2
B97: Level 2 | C97: Easy
B99: What is the highest land fertility value for each game?
B101: Example2: The maximum of the values in cells G109:O109 (3, 5, 3, 4, 3, 3, 2, 3, and 3) is 5.
B103: Answer Hints:
B104: Game 21's answer is odd.
B105: Game 22's answer is even.
B106: Game 23's answer is odd.
G107: Land Fertility by Cell
B108: Game # | C108: Level | D108: Points | E108: Answer | G108: C3 | H108: C4 | I108: C5 | J108: D3 | K108: D4 | L108: D5 | M108: E3 | N108: E4 | O108: E5
B110: Example2 | C110: 2 | D110: 0 | E110: 5 | G110: 3 | H110: 5 | I110: 3 | J110: 4 | K110: 3 | L110: 3 | M110: 2 | N110: 3 | O110: 3
B112: 21 | C112: 2 | D112: 5 | E112: 5 | G112: 3 | H112: 5 | I112: 2 | J112: 3 | K112: 2 | L112: 2 | M112: 5 | N112: 2 | O112: 5
B113: 22 | C113: 2 | D113: 5 | E113: 4 | G113: 2 | H113: 2 | I113: 4 | J113: 4 | K113: 4 | L113: 3 | M113: 2 | N113: 2 | O113: 4
B114: 23 | C114: 2 | D114: 5 | E114: 5 | G114: 4 | H114: 4 | I114: 5 | J114: 2 | K114: 2 | L114: 5 | M114: 3 | N114: 3 | O114: 2
B115: 24 | C115: 2 | D115: 5 | E115: 5 | G115: 3 | H115: 5 | I115: 3 | J115: 3 | K115: 3 | L115: 5 | M115: 5 | N115: 4 | O115: 5
B116: 25 | C116: 2 | D116: 5 | E116: 5 | G116: 2 | H116: 5 | I116: 4 | J116: 3 | K116: 3 | L116: 5 | M116: 2 | N116: 2 | O116: 4
B117: 26 | C117: 2 | D117: 5 | E117: 5 | G117: 4 | H117: 3 | I117: 4 | J117: 5 | K117: 2 | L117: 2 | M117: 5 | N117: 2 | O117: 2
B118: 27 | C118: 2 | D118: 5 | E118: 3 | G118: 2 | H118: 3 | I118: 2 | J118: 2 | K118: 3 | L118: 2 | M118: 3 | N118: 3 | O118: 3
B119: 28 | C119: 2 | D119: 5 | E119: 5 | G119: 5 | H119: 2 | I119: 5 | J119: 2 | K119: 4 | L119: 2 | M119: 5 | N119: 3 | O119: 5
B120: 29 | C120: 2 | D120: 5 | E120: 5 | G120: 5 | H120: 2 | I120: 2 | J120: 4 | K120: 5 | L120: 2 | M120: 2 | N120: 3 | O120: 3
B121: 30 | C121: 2 | D121: 5 | E121: 5 | G121: 2 | H121: 5 | I121: 5 | J121: 2 | K121: 3 | L121: 5 | M121: 3 | N121: 3 | O121: 4
B122: 31 | C122: 2 | D122: 5 | E122: 5 | G122: 2 | H122: 2 | I122: 5 | J122: 5 | K122: 5 | L122: 2 | M122: 2 | N122: 3 | O122: 5
B123: 32 | C123: 2 | D123: 5 | E123: 5 | G123: 2 | H123: 2 | I123: 3 | J123: 5 | K123: 3 | L123: 5 | M123: 3 | N123: 3 | O123: 2
... B131: 40 | C131: 2 | D131: 5 | E131: 5 | G131: 5 | H131: 4 | I131: 2 | J131: 2 | K131: 4 | L131: 4 | M131: 3 | N131: 4 | O131: 3
B133: Level 3 | C133: Medium
B135: What is the sum of the two highest land fertility value for each game?
B137: Example3: The two highest values in cells G144:O144 (3, 5, 3, 4, 3, 3, 2, 3, and 3) are 5 and 4 and their sum is 9.
B139: Answer Hints:
B140: Game 41's answer is even.
B141: Game 42's answer is even.
B142: Game 43's answer is odd.
G143: Land Fertility by Cell
B144: Game # | C144: Level | D144: Points | E144: Answer | G144: C3 | H144: C4 | I144: C5 | J144: D3 | K144: D4 | L144: D5 | M144: E3 | N144: E4 | O144: E5
B146: Example3 | C146: 3 | D146: 0 | E146: 9 | G146: 3 | H146: 5 | I146: 3 | J146: 4 | K146: 3 | L146: 3 | M146: 2 | N146: 3 | O146: 3
B148: 41 | C148: 3 | D148: 6 | E148: 8 | G148: 5 | H148: 3 | I148: 3 | J148: 3 | K148: 3 | L148: 3 | M148: 2 | N148: 2 | O148: 2
B149: 42 | C149: 3 | D149: 6 | E149: 10 | G149: 5 | H149: 5 | I149: 3 | J149: 5 | K149: 3 | L149: 4 | M149: 3 | N149: 5 | O149: 3
B150: 43 | C150: 3 | D150: 6 | E150: 9 | G150: 3 | H150: 2 | I150: 3 | J150: 4 | K150: 3 | L150: 2 | M150: 5 | N150: 2 | O150: 3
B151: 44 | C151: 3 | D151: 6 | E151: 10 | G151: 5 | H151: 4 | I151: 2 | J151: 2 | K151: 2 | L151: 2 | M151: 2 | N151: 5 | O151: 3
...
