Workbook

Sheet Case
B2: Microsoft Excel Collegiate Challenge 2025
B4: PipeMare - Varsity Edition | L4: Original Case Author
L5: Juan José Cifuentes
L7: Case Design Team
L8: Leo Fernandez
L9: Carolyn Hamilton
L10: Chris McNeil
L11: Eric Kelley
B14: Instructions
B16: You can hardly believe it; your hands are shaking so hard that you almost dropped your acceptance letter. You got into EPU!
B17: You're on your way to becoming an Excel Plumber and walking the halls where the best of the best have been trained: Bobby Filter, and even Lemmy Spillmister!
B18: But for now, it’s time to work — before your opportunity becomes nothing more than just a Pipe Dream!
B19: In this case, you will be working with pipe symbols, as presented in the PIPES table below.
B21: Special Pipe Connecting Rules & Terminology
B22: Pipes can only be connected by moving side to side or up and down
B23: Pipes cannot rotate. E.g., a “vertical” pipe cannot rotate to connect to a “horizontal” pipe.
B24: Connect To refers to a Pipe’s own up, down, left, right connections. E.g., ┗ has an up connection and a right connection.
B25: Connect From refers to other pipes that will fit to a Pipe. E.g., ┗ will fit to other pipes that have a down connection or a left connection.
B27: Mapping Binary Codes (see PIPES table).
B28: 1xxx denotes an up (top) connection; 0xxx means no up connection.
... B33: Note: Some pipe symbols may appear as an empty square ◻ in the formula bar, but Excel will still recognize and process them correctly.
G36: PIPES
G37: Pipe / Element | H37: Name | I37: Connects To | J37: Connects From
G38: ┃ | H38: Vertical | I38: 1100 | J38: 1100
G39: ━ | H39: Horizontal | I39: 0011 | J39: 0011
G40: ┏ | H40: Top-Right Bend | I40: 0101 | J40: 1010
G41: ┓ | H41: Top-Left Bend | I41: 0110 | J41: 1001
G42: ┗ | H42: Bottom-Right Bend | I42: 1001 | J42: 0110
G43: ┛ | H43: Bottom-Left Bend | I43: 1010 | J43: 0101
G44: ◉ | H44: Source | I44: 1111 | J44: 1111
G45: ○ | H45: Outlet | I45: 1111 | J45: 1111
G46: 🧱 | H46: Wall | I46: N/A | J46: N/A
B48: Bonus Questions
B50: To make the game more exciting, we have created 5 bonus questions for you. The questions can all be solved independently of the Levels.
B52: Game # | C52: Relates to Level # | D52: Points | E52: Answer | G52: Question
B53: Bonus 1 | C53: N/A | D53: 30 | G53: How many pipes are in the PipeMaze, excluding sources and outlets?
B54: Bonus 2 | C54: N/A | D54: 40 | G54: For all the pipes in Level 1, excluding the example, how many times can a pipe Connect To the LEFT direction? Each Level 1 game has 31 pipes.
B55: Bonus 3 | C55: 5 | D55: 60 | G55: In Level 5, excluding the example, how many pipes do not connect to the previous pipe in the sequence.
B56: Bonus 4 | C56: 6 | D56: 50 | G56: In Level 6, excluding the example, what is the total number of wall sections 🧱 within the areas that contain the pipe sequences?
B57: Bonus 5 | C57: 7 | D57: 70 | G57: In Level 7, excluding the example, what is the 4-letter code answer that appears the most? Report number of times followed by the 4-letter code (e.g. 8BRBL).
B59: Levels
B61: Level 1 | C61: Easy | D61: Pipe Inventory
B63: Alright! It's your first day at the plumbing academy, and you want to make a good impression.
B64: Your professor has asked you to count the number of times a given pipe is found in a storage area.
B66: Example1:
B67: Pipe ┛ is found 6 times in the storage area: positions 3, 13, 18, 26, 28, and 30.
B69: Answer Hints:
B70: Game 1's answer is between 2 and 12
B71: Game 2's answer is between 5 and 15
B72: Game 3's answer is between 15 and 25
H74: Storage Area
B75: Game # | C75: Level | D75: Points | E75: Answer | G75: Pipe | H75: 1 | I75: 2 | J75: 3 | K75: 4 | L75: 5 | M75: 6 | N75: 7 | O75: 8 | P75: 9 | Q75: 10 | R75: 11 | S75: 12 | T75: 13 | U75: 14 | V75: 15 | W75: 16 | X75: 17 | Y75: 18 | Z75: 19 | AA75: 20 | AB75: 21 | AC75: 22 | AD75: 23 | AE75: 24 | AF75: 25 | AG75: 26 | AH75: 27 | AI75: 28 | AJ75: 29 | AK75: 30
B77: Example1 | C77: 1 | D77: 0 | E77: 6 | G77: ┛ | H77: ┏ | I77: ┏ | J77: ┛ | K77: ┗ | L77: ━ | M77: ┃ | N77: ┏ | O77: ┗ | P77: ┓ | Q77: ┓ | R77: ┓ | S77: ┗ | T77: ┛ | U77: ━ | V77: ┓ | W77: ┓ | X77: ┗ | Y77: ┛ | Z77: ┓ | AA77: ┃ | AB77: ┏ | AC77: ━ | AD77: ━ | AE77: ┏ | AF77: ┗ | AG77: ┛ | AH77: ┃ | AI77: ┛ | AJ77: ┃ | AK77: ┛
B79: 1 | C79: 1 | D79: 5 | E79: =COUNTIF(H79:AK79,G79) -> 10 | G79: ━ | H79: ━ | I79: ┏ | J79: ┛ | K79: ┓ | L79: ┓ | M79: ┗ | N79: ┓ | O79: ┏ | P79: ┛ | Q79: ┃ | R79: ━ | S79: ┛ | T79: ━ | U79: ┗ | V79: ━ | W79: ┃ | X79: ┛ | Y79: ━ | Z79: ━ | AA79: ━ | AB79: ┏ | AC79: ┏ | AD79: ┛ | AE79: ┃ | AF79: ━ | AG79: ┛ | AH79: ┃ | AI79: ━ | AJ79: ┃ | AK79: ━
B80: 2 | C80: 1 | D80: 5 | E80: =COUNTIF(H80:AK80,G80) -> 7 | G80: ┗ | H80: ┛ | I80: ┃ | J80: ┃ | K80: ━ | L80: ┗ | M80: ┃ | N80: ┛ | O80: ┗ | P80: ┓ | Q80: ┓ | R80: ┗ | S80: ┓ | T80: ┓ | U80: ━ | V80: ┏ | W80: ┓ | X80: ┏ | Y80: ┗ | Z80: ┃ | AA80: ┗ | AB80: ┗ | AC80: ━ | AD80: ┓ | AE80: ┓ | AF80: ┗ | AG80: ┃ | AH80: ━ | AI80: ┏ | AJ80: ┏ | AK80: ┏
B81: 3 | C81: 1 | D81: 5 | E81: =COUNTIF(H81:AK81,G81) -> 16 | G81: ┗ | H81: ┗ | I81: ┗ | J81: ┓ | K81: ┗ | L81: ┗ | M81: ┛ | N81: ┓ | O81: ┗ | P81: ┗ | Q81: ┓ | R81: ┛ | S81: ┛ | T81: ┓ | U81: ┏ | V81: ┛ | W81: ┓ | X81: ┗ | Y81: ┗ | Z81: ┛ | AA81: ┗ | AB81: ┗ | AC81: ┓ | AD81: ┛ | AE81: ┗ | AF81: ┗ | AG81: ┛ | AH81: ┗ | AI81: ┗ | AJ81: ┗ | AK81: ┗
B82: 4 | C82: 1 | D82: 5 | E82: =COUNTIF(H82:AK82,G82) -> 11 | G82: ┛ | H82: ┛ | I82: ┛ | J82: ┃ | K82: ┃ | L82: ┛ | M82: ┏ | N82: ━ | O82: ┏ | P82: ┏ | Q82: ┏ | R82: ┃ | S82: ┃ | T82: ┃ | U82: ┓ | V82: ┃ | W82: ┛ | X82: ┃ | Y82: ┛ | Z82: ┃ | AA82: ┛ | AB82: ┗ | AC82: ┛ | AD82: ┛ | AE82: ┓ | AF82: ┛ | AG82: ┏ | AH82: ┛ | AI82: ┗ | AJ82: ┗ | AK82: ┛
B83: 5 | C83: 1 | D83: 5 | E83: =COUNTIF(H83:AK83,G83) -> 6 | G83: ┓ | H83: ┓ | I83: ┛ | J83: ━ | K83: ┃ | L83: ┛ | M83: ┓ | N83: ┛ | O83: ┓ | P83: ┏ | Q83: ━ | R83: ┗ | S83: ┓ | T83: ┃ | U83: ━ | V83: ┃ | W83: ┏ | X83: ┏ | Y83: ┃ | Z83: ━ | AA83: ┛ | AB83: ┏ | AC83: ┗ | AD83: ┃ | AE83: ┓ | AF83: ┗ | AG83: ┛ | AH83: ┛ | AI83: ┓ | AJ83: ┏ | AK83: ┗
B84: 6 | C84: 1 | D84: 5 | E84: =COUNTIF(H84:AK84,G84) -> 10 | G84: ┗ | H84: ┗ | I84: ┃ | J84: ┃ | K84: ┗ | L84: ┗ | M84: ┏ | N84: ┗ | O84: ┃ | P84: ┗ | Q84: ┗ | R84: ┏ | S84: ┗ | T84: ┓ | U84: ┓ | V84: ┗ | W84: ┏ | X84: ┛ | Y84: ┏ | Z84: ┃ | AA84: ┗ | AB84: ┏ | AC84: ┓ | AD84: ┛ | AE84: ┓ | AF84: ┏ | AG84: ┓ | AH84: ┗ | AI84: ┓ | AJ84: ━ | AK84: ┛
B85: 7 | C85: 1 | D85: 5 | E85: =COUNTIF(H85:AK85,G85) -> 9 | G85: ┛ | H85: ┛ | I85: ┏ | J85: ┗ | K85: ┛ | L85: ┓ | M85: ┓ | N85: ┏ | O85: ┗ | P85: ┗ | Q85: ┏ | R85: ┗ | S85: ┛ | T85: ┗ | U85: ┛ | V85: ┗ | W85: ┓ | X85: ┓ | Y85: ┓ | Z85: ┏ | AA85: ┛ | AB85: ┏ | AC85: ┓ | AD85: ┏ | AE85: ┛ | AF85: ┓ | AG85: ┓ | AH85: ┃ | AI85: ┛ | AJ85: ┛ | AK85: ┛
B86: 8 | C86: 1 | D86: 5 | E86: =COUNTIF(H86:AK86,G86) -> 26 | G86: ┏ | H86: ┏ | I86: ┛ | J86: ┓ | K86: ┏ | L86: ┏ | M86: ┏ | N86: ┏ | O86: ┏ | P86: ┏ | Q86: ┏ | R86: ┏ | S86: ┓ | T86: ┛ | U86: ┏ | V86: ┏ | W86: ┏ | X86: ┏ | Y86: ┏ | Z86: ┏ | AA86: ┏ | AB86: ┏ | AC86: ┏ | AD86: ┏ | AE86: ┏ | AF86: ┏ | AG86: ┏ | AH86: ┏ | AI86: ┏ | AJ86: ┏ | AK86: ┏
B87: 9 | C87: 1 | D87: 5 | E87: =COUNTIF(H87:AK87,G87) -> 5 | G87: ┛ | H87: ┗ | I87: ┏ | J87: ┓ | K87: ┓ | L87: ┗ | M87: ┗ | N87: ┗ | O87: ┓ | P87: ┛ | Q87: ┓ | R87: ┏ | S87: ┛ | T87: ┏ | U87: ┃ | V87: ┏ | W87: ┗ | X87: ┃ | Y87: ┓ | Z87: ┏ | AA87: ┛ | AB87: ┃ | AC87: ┗ | AD87: ┃ | AE87: ┛ | AF87: ┛ | AG87: ━ | AH87: ━ | AI87: ┃ | AJ87: ┓ | AK87: ┏
B88: 10 | C88: 1 | D88: 5 | E88: =COUNTIF(H88:AK88,G88) -> 7 | G88: ━ | H88: ┏ | I88: ┏ | J88: ━ | K88: ┓ | L88: ━ | M88: ┏ | N88: ━ | O88: ┏ | P88: ┛ | Q88: ┗ | R88: ━ | S88: ┛ | T88: ┛ | U88: ┛ | V88: ┓ | W88: ┏ | X88: ┛ | Y88: ┃ | Z88: ┗ | AA88: ━ | AB88: ┃ | AC88: ┃ | AD88: ┏ | AE88: ━ | AF88: ━ | AG88: ┛ | AH88: ┓ | AI88: ┗ | AJ88: ┓ | AK88: ┃
B89: 11 | C89: 1 | D89: 5 | E89: =COUNTIF(H89:AK89,G89) -> 14 | G89: ┛ | H89: ┛ | I89: ┛ | J89: ┓ | K89: ┗ | L89: ┓ | M89: ┏ | N89: ┛ | O89: ┃ | P89: ┓ | Q89: ┛ | R89: ┗ | S89: ┛ | T89: ┃ | U89: ┛ | V89: ┛ | W89: ┓ | X89: ┏ | Y89: ━ | Z89: ┛ | AA89: ┏ | AB89: ┃ | AC89: ┏ | AD89: ┛ | AE89: ┗ | AF89: ┛ | AG89: ┛ | AH89: ┏ | AI89: ┛ | AJ89: ┛ | AK89: ┛
B90: 12 | C90: 1 | D90: 5 | E90: =COUNTIF(H90:AK90,G90) -> 3 | G90: ┏ | H90: ━ | I90: ━ | J90: ┓ | K90: ┃ | L90: ┏ | M90: ┓ | N90: ━ | O90: ━ | P90: ┃ | Q90: ┗ | R90: ┃ | S90: ┛ | T90: ┃ | U90: ┛ | V90: ┃ | W90: ┗ | X90: ┗ | Y90: ┓ | Z90: ┏ | AA90: ┏ | AB90: ┃ | AC90: ━ | AD90: ━ | AE90: ┛ | AF90: ┛ | AG90: ━ | AH90: ━ | AI90: ┓ | AJ90: ┓ | AK90: ━
... B98: 20 | C98: 1 | D98: 5 | E98: =COUNTIF(H98:AK98,G98) -> 4 | G98: ┓ | H98: ┃ | I98: ┏ | J98: ┏ | K98: ┛ | L98: ┗ | M98: ┗ | N98: ━ | O98: ┃ | P98: ━ | Q98: ┓ | R98: ┏ | S98: ┛ | T98: ━ | U98: ┏ | V98: ┛ | W98: ┏ | X98: ┃ | Y98: ┛ | Z98: ┛ | AA98: ┓ | AB98: ┛ | AC98: ┏ | AD98: ┗ | AE98: ┓ | AF98: ┃ | AG98: ┓ | AH98: ┛ | AI98: ┏ | AJ98: ┛ | AK98: ┗
B100: Level 2 | C100: Medium Easy | D100: Pipin' 101... 0?
B102: Alright! It's your first day at the plumbing academy, and you want to make a good impression.
B104: You've been asked to provide the concatenated translation of the given Pipe Sequence using the Connects To mapping.
B106: Example2:
B107: Given a Connects To mapping, pipe ┃ can Connect To up or down ends, so the code is 1100. ┏ can Connect To up or left ends, so the code is 1010.
B108: Those are then the first 8 digits of the answer. After completing the same decoding for the other 3 pipes, the correct answer is 11000101100100110110.
B110: Answer Hints:
B111: Game 21's answer starts with 10100011
B112: Game 22's answer starts with 01011100
B113: Game 23's answer starts with 10010110
B115: Game # | C115: Level | D115: Points | E115: Answer | G115: Pipe Sequence
B117: Example2 | C117: 2 | D117: 0 | E117: 11000101100100110110 | G117: ┃ | H117: ┏ | I117: ┗ | J117: ━ | K117: ┓
B119: 21 | C119: 2 | D119: 5 | E119: {=_xlfn.CONCAT(_xlfn.XLOOKUP(G119:K119,$G$38:$G$46,$I$38:$I$46,,0,1))} -> 10100011011001010110 | G119: ┛ | H119: ━ | I119: ┓ | J119: ┏ | K119: ┓
B120: 22 | C120: 2 | D120: 5 | E120: {=_xlfn.CONCAT(_xlfn.XLOOKUP(G120:K120,$G$38:$G$46,$I$38:$I$46,,0,1))} -> 01011100010111001010 | G120: ┏ | H120: ┃ | I120: ┏ | J120: ┃ | K120: ┛
B121: 23 | C121: 2 | D121: 5 | E121: {=_xlfn.CONCAT(_xlfn.XLOOKUP(G121:K121,$G$38:$G$46,$I$38:$I$46,,0,1))} -> 10010110001100111001 | G121: ┗ | H121: ┓ | I121: ━ | J121: ━ | K121: ┗
B122: 24 | C122: 2 | D122: 5 | E122: {=_xlfn.CONCAT(_xlfn.XLOOKUP(G122:K122,$G$38:$G$46,$I$38:$I$46,,0,1))} -> 10011100100110011010 | G122: ┗ | H122: ┃ | I122: ┗ | J122: ┗ | K122: ┛
B123: 25 | C123: 2 | D123: 5 | E123: {=_xlfn.CONCAT(_xlfn.XLOOKUP(G123:K123,$G$38:$G$46,$I$38:$I$46,,0,1))} -> 01010110001101101001 | G123: ┏ | H123: ┓ | I123: ━ | J123: ┓ | K123: ┗
B124: 26 | C124: 2 | D124: 5 | E124: {=_xlfn.CONCAT(_xlfn.XLOOKUP(G124:K124,$G$38:$G$46,$I$38:$I$46,,0,1))} -> 01100011010101100101 | G124: ┓ | H124: ━ | I124: ┏ | J124: ┓ | K124: ┏
B125: 27 | C125: 2 | D125: 5 | E125: {=_xlfn.CONCAT(_xlfn.XLOOKUP(G125:K125,$G$38:$G$46,$I$38:$I$46,,0,1))} -> 11001001001110010011 | G125: ┃ | H125: ┗ | I125: ━ | J125: ┗ | K125: ━
B126: 28 | C126: 2 | D126: 5 | E126: {=_xlfn.CONCAT(_xlfn.XLOOKUP(G126:K126,$G$38:$G$46,$I$38:$I$46,,0,1))} -> 00111010100110100011 | G126: ━ | H126: ┛ | I126: ┗ | J126: ┛ | K126: ━
B127: 29 | C127: 2 | D127: 5 | E127: {=_xlfn.CONCAT(_xlfn.XLOOKUP(G127:K127,$G$38:$G$46,$I$38:$I$46,,0,1))} -> 01101001110001010011 | G127: ┓ | H127: ┗ | I127: ┃ | J127: ┏ | K127: ━
B128: 30 | C128: 2 | D128: 5 | E128: {=_xlfn.CONCAT(_xlfn.XLOOKUP(G128:K128,$G$38:$G$46,$I$38:$I$46,,0,1))} -> 01100011100100111010 | G128: ┓ | H128: ━ | I128: ┗ | J128: ━ | K128: ┛
B129: 31 | C129: 2 | D129: 5 | E129: {=_xlfn.CONCAT(_xlfn.XLOOKUP(G129:K129,$G$38:$G$46,$I$38:$I$46,,0,1))} -> 00110110110010100101 | G129: ━ | H129: ┓ | I129: ┃ | J129: ┛ | K129: ┏
B130: 32 | C130: 2 | D130: 5 | E130: {=_xlfn.CONCAT(_xlfn.XLOOKUP(G130:K130,$G$38:$G$46,$I$38:$I$46,,0,1))} -> 01011100110001010110 | G130: ┏ | H130: ┃ | I130: ┃ | J130: ┏ | K130: ┓
... B138: 40 | C138: 2 | D138: 5 | E138: {=_xlfn.CONCAT(_xlfn.XLOOKUP(G138:K138,$G$38:$G$46,$I$38:$I$46,,0,1))} -> 10010011011000111001 | G138: ┗ | H138: ━ | I138: ┓ | J138: ━ | K138: ┗
B140: Level 3 | C140: Medium | D140: Pipe Census - One Direction
B142: Now that you understand all about pipe direction codes, your professor has asked you to help him catalog pipes by their potential to connect in a given direction.
B143: Determine how many pipes in the sequence can Connect To the given direction.
B145: Example3:
B146: We're looking for pipes whose Connects To have an 0001 Direction (a RIGHT direction).
B147: That is, pipes that have a Mapping Binary Code that ends in 1.
B148: Pipe 1 ┃ , the Connects To mapping is 1100, which does not end with a 1. Tally of 0.
B149: Pipe 2 ┏ , the Connects To mapping is 0101, which ends with 1. Tally of 1.
B150: Pipe 3 ┗ , the Connects To mapping is 1001, which ends with 1. Tally of 1.
...

Sheet PipeMaze
C1: C | D1: D | E1: E | F1: F | G1: G | H1: H | I1: I | J1: J | K1: K | L1: L | M1: M | N1: N | O1: O | P1: P | Q1: Q | R1: R | S1: S | T1: T | U1: U | V1: V | W1: W | X1: X | Y1: Y | Z1: Z | AA1: AA | AB1: AB | AC1: AC | AD1: AD | AE1: AE | AF1: AF | AG1: AG | AH1: AH | AI1: AI | AJ1: AJ | AK1: AK | AL1: AL | AM1: AM | AN1: AN | AO1: AO | AP1: AP | AQ1: AQ | AR1: AR | AS1: AS | AT1: AT | AU1: AU | AV1: AV | AW1: AW | AX1: AX
A3: 3 | C3: 🧱 | D3: 🧱 | E3: 🧱 | F3: 🧱 | G3: 🧱 | H3: 🧱 | I3: 🧱 | J3: 🧱 | K3: 🧱 | L3: 🧱 | M3: 🧱 | N3: 🧱 | O3: 🧱 | P3: 🧱 | Q3: 🧱 | R3: 🧱 | S3: 🧱 | T3: 🧱 | U3: 🧱 | V3: 🧱 | W3: 🧱 | X3: 🧱 | Y3: 🧱 | Z3: 🧱 | AA3: 🧱 | AB3: 🧱 | AC3: 🧱 | AD3: 🧱 | AE3: 🧱 | AF3: 🧱 | AG3: 🧱 | AH3: 🧱 | AI3: ○ | AJ3: 🧱 | AK3: ◉ | AL3: 🧱 | AM3: 🧱 | AN3: 🧱 | AO3: ○ | AP3: 🧱 | AQ3: 🧱 | AR3: 🧱 | AS3: 🧱 | AT3: 🧱 | AU3: 🧱 | AV3: 🧱 | AW3: 🧱 | AX3: 🧱
A4: 4 | C4: 🧱 | D4: 🧱 | E4: 🧱 | F4: 🧱 | G4: 🧱 | H4: 🧱 | I4: 🧱 | J4: 🧱 | K4: 🧱 | L4: 🧱 | M4: 🧱 | N4: 🧱 | O4: ◉ | P4: 🧱 | Q4: ◉ | R4: 🧱 | S4: 🧱 | T4: 🧱 | U4: 🧱 | V4: 🧱 | W4: ┏ | X4: ┓ | Y4: 🧱 | Z4: 🧱 | AA4: 🧱 | AB4: ┏ | AC4: ┓ | AD4: ┏ | AE4: ┓ | AF4: 🧱 | AG4: 🧱 | AH4: ┏ | AI4: ┛ | AJ4: 🧱 | AK4: ┃ | AL4: ┏ | AM4: ┓ | AN4: 🧱 | AO4: ┃ | AP4: ○ | AQ4: 🧱 | AR4: 🧱 | AS4: 🧱 | AT4: 🧱 | AU4: 🧱 | AV4: 🧱 | AW4: ◉ | AX4: 🧱
A5: 5 | C5: 🧱 | D5: 🧱 | E5: 🧱 | F5: 🧱 | G5: 🧱 | H5: 🧱 | I5: 🧱 | J5: 🧱 | K5: ┏ | L5: ━ | M5: ━ | N5: ━ | O5: ┛ | P5: 🧱 | Q5: ┃ | R5: 🧱 | S5: 🧱 | T5: 🧱 | U5: 🧱 | V5: 🧱 | W5: ┃ | X5: ┗ | Y5: ┓ | Z5: 🧱 | AA5: 🧱 | AB5: ┃ | AC5: ┃ | AD5: ┃ | AE5: ┗ | AF5: ┓ | AG5: 🧱 | AH5: ┗ | AI5: ┓ | AJ5: 🧱 | AK5: ┗ | AL5: ┛ | AM5: ┃ | AN5: 🧱 | AO5: ┃ | AP5: ┃ | AQ5: 🧱 | AR5: 🧱 | AS5: 🧱 | AT5: ┏ | AU5: ━ | AV5: ┓ | AW5: ┃ | AX5: 🧱
A6: 6 | C6: 🧱 | D6: 🧱 | E6: 🧱 | F6: 🧱 | G6: 🧱 | H6: 🧱 | I6: 🧱 | J6: 🧱 | K6: ┃ | L6: 🧱 | M6: 🧱 | N6: 🧱 | O6: 🧱 | P6: 🧱 | Q6: ┃ | R6: 🧱 | S6: 🧱 | T6: 🧱 | U6: 🧱 | V6: 🧱 | W6: ┃ | X6: 🧱 | Y6: ┃ | Z6: 🧱 | AA6: 🧱 | AB6: ┃ | AC6: ┃ | AD6: ┃ | AE6: 🧱 | AF6: ┃ | AG6: 🧱 | AH6: 🧱 | AI6: ┃ | AJ6: 🧱 | AK6: 🧱 | AL6: 🧱 | AM6: ┃ | AN6: 🧱 | AO6: ┃ | AP6: ┃ | AQ6: 🧱 | AR6: 🧱 | AS6: 🧱 | AT6: ┃ | AU6: 🧱 | AV6: ┗ | AW6: ┛ | AX6: 🧱
A7: 7 | C7: 🧱 | D7: 🧱 | E7: 🧱 | F7: 🧱 | G7: 🧱 | H7: 🧱 | I7: 🧱 | J7: 🧱 | K7: ┗ | L7: ━ | M7: ┓ | N7: 🧱 | O7: 🧱 | P7: 🧱 | Q7: ┃ | R7: 🧱 | S7: 🧱 | T7: 🧱 | U7: 🧱 | V7: 🧱 | W7: ┃ | X7: 🧱 | Y7: ┃ | Z7: 🧱 | AA7: 🧱 | AB7: ┃ | AC7: ┃ | AD7: ┃ | AE7: 🧱 | AF7: ┗ | AG7: ┓ | AH7: 🧱 | AI7: ┃ | AJ7: 🧱 | AK7: ┏ | AL7: ━ | AM7: ┛ | AN7: ┏ | AO7: ┛ | AP7: ┃ | AQ7: ┏ | AR7: ━ | AS7: ┓ | AT7: ┃ | AU7: 🧱 | AV7: 🧱 | AW7: 🧱 | AX7: 🧱
A8: 8 | C8: 🧱 | D8: 🧱 | E8: 🧱 | F8: 🧱 | G8: ┏ | H8: ┓ | I8: 🧱 | J8: 🧱 | K8: 🧱 | L8: 🧱 | M8: ┗ | N8: ━ | O8: ┓ | P8: 🧱 | Q8: ┃ | R8: 🧱 | S8: 🧱 | T8: 🧱 | U8: 🧱 | V8: 🧱 | W8: ┃ | X8: 🧱 | Y8: ┃ | Z8: 🧱 | AA8: ┏ | AB8: ┛ | AC8: ┃ | AD8: ┃ | AE8: 🧱 | AF8: ┏ | AG8: ┛ | AH8: 🧱 | AI8: ┃ | AJ8: 🧱 | AK8: ┃ | AL8: ┏ | AM8: ━ | AN8: ┛ | AO8: 🧱 | AP8: ┃ | AQ8: ┃ | AR8: 🧱 | AS8: ┃ | AT8: ┗ | AU8: ━ | AV8: ┓ | AW8: 🧱 | AX8: 🧱
A9: 9 | C9: 🧱 | D9: 🧱 | E9: ┏ | F9: ━ | G9: ┛ | H9: ┃ | I9: 🧱 | J9: 🧱 | K9: 🧱 | L9: 🧱 | M9: 🧱 | N9: 🧱 | O9: ┃ | P9: 🧱 | Q9: ┃ | R9: 🧱 | S9: 🧱 | T9: 🧱 | U9: 🧱 | V9: 🧱 | W9: ┃ | X9: 🧱 | Y9: ┃ | Z9: ┏ | AA9: ┛ | AB9: 🧱 | AC9: ┃ | AD9: ┃ | AE9: 🧱 | AF9: ┃ | AG9: 🧱 | AH9: 🧱 | AI9: ┃ | AJ9: 🧱 | AK9: ┃ | AL9: ┃ | AM9: 🧱 | AN9: 🧱 | AO9: 🧱 | AP9: ┃ | AQ9: ┗ | AR9: ┓ | AS9: ┃ | AT9: 🧱 | AU9: 🧱 | AV9: ┃ | AW9: 🧱 | AX9: 🧱
A10: 10 | C10: 🧱 | D10: 🧱 | E10: ┃ | F10: 🧱 | G10: 🧱 | H10: ┗ | I10: ┓ | J10: 🧱 | K10: 🧱 | L10: 🧱 | M10: 🧱 | N10: ┏ | O10: ┛ | P10: 🧱 | Q10: ┗ | R10: ┓ | S10: 🧱 | T10: ┏ | U10: ┓ | V10: 🧱 | W10: ┃ | X10: 🧱 | Y10: ┗ | Z10: ┛ | AA10: 🧱 | AB10: 🧱 | AC10: ┃ | AD10: ┃ | AE10: 🧱 | AF10: ┗ | AG10: ━ | AH10: ━ | AI10: ┛ | AJ10: 🧱 | AK10: ┃ | AL10: ┃ | AM10: 🧱 | AN10: 🧱 | AO10: 🧱 | AP10: ┗ | AQ10: ┓ | AR10: ┃ | AS10: ┃ | AT10: 🧱 | AU10: ┏ | AV10: ┛ | AW10: 🧱 | AX10: 🧱
A11: 11 | C11: 🧱 | D11: 🧱 | E11: ┃ | F11: 🧱 | G11: 🧱 | H11: 🧱 | I11: ┗ | J11: ━ | K11: ━ | L11: ━ | M11: ━ | N11: ┛ | O11: 🧱 | P11: 🧱 | Q11: 🧱 | R11: ┗ | S11: ━ | T11: ┛ | U11: ○ | V11: 🧱 | W11: ◉ | X11: 🧱 | Y11: 🧱 | Z11: 🧱 | AA11: 🧱 | AB11: 🧱 | AC11: ┗ | AD11: ┛ | AE11: 🧱 | AF11: 🧱 | AG11: 🧱 | AH11: 🧱 | AI11: 🧱 | AJ11: 🧱 | AK11: ┗ | AL11: ┛ | AM11: 🧱 | AN11: 🧱 | AO11: 🧱 | AP11: 🧱 | AQ11: ┃ | AR11: ┃ | AS11: ┃ | AT11: 🧱 | AU11: ┃ | AV11: 🧱 | AW11: 🧱 | AX11: 🧱
A12: 12 | C12: 🧱 | D12: 🧱 | E12: ┃ | F12: 🧱 | G12: 🧱 | H12: 🧱 | I12: 🧱 | J12: 🧱 | K12: 🧱 | L12: 🧱 | M12: 🧱 | N12: 🧱 | O12: 🧱 | P12: 🧱 | Q12: 🧱 | R12: 🧱 | S12: 🧱 | T12: 🧱 | U12: 🧱 | V12: 🧱 | W12: 🧱 | X12: 🧱 | Y12: 🧱 | Z12: 🧱 | AA12: 🧱 | AB12: 🧱 | AC12: 🧱 | AD12: 🧱 | AE12: 🧱 | AF12: 🧱 | AG12: 🧱 | AH12: 🧱 | AI12: 🧱 | AJ12: 🧱 | AK12: 🧱 | AL12: 🧱 | AM12: 🧱 | AN12: 🧱 | AO12: 🧱 | AP12: 🧱 | AQ12: ┃ | AR12: ┃ | AS12: ┃ | AT12: 🧱 | AU12: ┗ | AV12: ━ | AW12: ┓ | AX12: 🧱
A13: 13 | C13: 🧱 | D13: 🧱 | E13: ○ | F13: 🧱 | G13: 🧱 | H13: 🧱 | I13: 🧱 | J13: 🧱 | K13: 🧱 | L13: 🧱 | M13: 🧱 | N13: 🧱 | O13: 🧱 | P13: 🧱 | Q13: 🧱 | R13: 🧱 | S13: 🧱 | T13: 🧱 | U13: 🧱 | V13: 🧱 | W13: 🧱 | X13: ◉ | Y13: 🧱 | Z13: 🧱 | AA13: 🧱 | AB13: 🧱 | AC13: 🧱 | AD13: 🧱 | AE13: 🧱 | AF13: 🧱 | AG13: 🧱 | AH13: 🧱 | AI13: 🧱 | AJ13: 🧱 | AK13: 🧱 | AL13: 🧱 | AM13: 🧱 | AN13: 🧱 | AO13: 🧱 | AP13: 🧱 | AQ13: ┃ | AR13: ┃ | AS13: ┗ | AT13: ━ | AU13: ━ | AV13: ━ | AW13: ┛ | AX13: 🧱
A14: 14 | C14: 🧱 | D14: 🧱 | E14: 🧱 | F14: 🧱 | G14: 🧱 | H14: 🧱 | I14: 🧱 | J14: 🧱 | K14: 🧱 | L14: 🧱 | M14: 🧱 | N14: 🧱 | O14: 🧱 | P14: 🧱 | Q14: 🧱 | R14: 🧱 | S14: ┏ | T14: ━ | U14: ━ | V14: ┓ | W14: 🧱 | X14: ┗ | Y14: ┓ | Z14: 🧱 | AA14: 🧱 | AB14: 🧱 | AC14: 🧱 | AD14: ◉ | AE14: ┓ | AF14: 🧱 | AG14: 🧱 | AH14: ┏ | AI14: ┓ | AJ14: 🧱 | AK14: 🧱 | AL14: 🧱 | AM14: 🧱 | AN14: 🧱 | AO14: 🧱 | AP14: 🧱 | AQ14: ┃ | AR14: ┗ | AS14: ━ | AT14: ━ | AU14: ┓ | AV14: 🧱 | AW14: 🧱 | AX14: 🧱
... A42: 42 | C42: 🧱 | D42: 🧱 | E42: 🧱 | F42: 🧱 | G42: 🧱 | H42: 🧱 | I42: ○ | J42: 🧱 | K42: 🧱 | L42: 🧱 | M42: 🧱 | N42: 🧱 | O42: 🧱 | P42: 🧱 | Q42: 🧱 | R42: 🧱 | S42: 🧱 | T42: 🧱 | U42: 🧱 | V42: ◉ | W42: 🧱 | X42: 🧱 | Y42: 🧱 | Z42: 🧱 | AA42: 🧱 | AB42: 🧱 | AC42: 🧱 | AD42: 🧱 | AE42: 🧱 | AF42: 🧱 | AG42: 🧱 | AH42: 🧱 | AI42: 🧱 | AJ42: 🧱 | AK42: 🧱 | AL42: 🧱 | AM42: 🧱 | AN42: 🧱 | AO42: 🧱 | AP42: 🧱 | AQ42: 🧱 | AR42: ┗ | AS42: ━ | AT42: ━ | AU42: ━ | AV42: ┛ | AW42: 🧱 | AX42: 🧱
XX1000: 125713

Sheet Graded Answers
B1: Your Answers
B2: Game # | C2: Answer | D2: Points
B3: Bonus 1 | C3: =IF(ISBLANK(Case!E53),"",Case!E53) | D3: 30
B4: Bonus 2 | C4: =IF(ISBLANK(Case!E54),"",Case!E54) | D4: 40
B5: Bonus 3 | C5: =IF(ISBLANK(Case!E55),"",Case!E55) | D5: 60
B6: Bonus 4 | C6: =IF(ISBLANK(Case!E56),"",Case!E56) | D6: 50
B7: Bonus 5 | C7: =IF(ISBLANK(Case!E57),"",Case!E57) | D7: 70
B8: 1 | C8: =IF(ISBLANK(Case!E79),"",Case!E79) -> 10 | D8: 5
B9: =B8+1 -> 2 | C9: =IF(ISBLANK(Case!E80),"",Case!E80) -> 7 | D9: 5
B10: =B9+1 -> 3 | C10: =IF(ISBLANK(Case!E81),"",Case!E81) -> 16 | D10: 5
B11: =B10+1 -> 4 | C11: =IF(ISBLANK(Case!E82),"",Case!E82) -> 11 | D11: 5
B12: =B11+1 -> 5 | C12: =IF(ISBLANK(Case!E83),"",Case!E83) -> 6 | D12: 5
B13: =B12+1 -> 6 | C13: =IF(ISBLANK(Case!E84),"",Case!E84) -> 10 | D13: 5
B14: =B13+1 -> 7 | C14: =IF(ISBLANK(Case!E85),"",Case!E85) -> 9 | D14: 5
B15: =B14+1 -> 8 | C15: =IF(ISBLANK(Case!E86),"",Case!E86) -> 26 | D15: 5
B16: =B15+1 -> 9 | C16: =IF(ISBLANK(Case!E87),"",Case!E87) -> 5 | D16: 5
B17: =B16+1 -> 10 | C17: =IF(ISBLANK(Case!E88),"",Case!E88) -> 7 | D17: 5
B18: =B17+1 -> 11 | C18: =IF(ISBLANK(Case!E89),"",Case!E89) -> 14 | D18: 5
B19: =B18+1 -> 12 | C19: =IF(ISBLANK(Case!E90),"",Case!E90) -> 3 | D19: 5
B20: =B19+1 -> 13 | C20: =IF(ISBLANK(Case!E91),"",Case!E91) -> 8 | D20: 5
... B27: =B26+1 -> 20 | C27: =IF(ISBLANK(Case!E98),"",Case!E98) -> 4 | D27: 5
B28: =B27+1 -> 21 | C28: =IF(ISBLANK(Case!E119),"",Case!E119) -> 10100011011001010110 | D28: 5
B29: =B28+1 -> 22 | C29: =IF(ISBLANK(Case!E120),"",Case!E120) -> 01011100010111001010 | D29: 5
B30: =B29+1 -> 23 | C30: =IF(ISBLANK(Case!E121),"",Case!E121) -> 10010110001100111001 | D30: 5
B31: =B30+1 -> 24 | C31: =IF(ISBLANK(Case!E122),"",Case!E122) -> 10011100100110011010 | D31: 5
B32: =B31+1 -> 25 | C32: =IF(ISBLANK(Case!E123),"",Case!E123) -> 01010110001101101001 | D32: 5
B33: =B32+1 -> 26 | C33: =IF(ISBLANK(Case!E124),"",Case!E124) -> 01100011010101100101 | D33: 5
B34: =B33+1 -> 27 | C34: =IF(ISBLANK(Case!E125),"",Case!E125) -> 11001001001110010011 | D34: 5
B35: =B34+1 -> 28 | C35: =IF(ISBLANK(Case!E126),"",Case!E126) -> 00111010100110100011 | D35: 5
B36: =B35+1 -> 29 | C36: =IF(ISBLANK(Case!E127),"",Case!E127) -> 01101001110001010011 | D36: 5
B37: =B36+1 -> 30 | C37: =IF(ISBLANK(Case!E128),"",Case!E128) -> 01100011100100111010 | D37: 5
B38: =B37+1 -> 31 | C38: =IF(ISBLANK(Case!E129),"",Case!E129) -> 00110110110010100101 | D38: 5
B39: =B38+1 -> 32 | C39: =IF(ISBLANK(Case!E130),"",Case!E130) -> 01011100110001010110 | D39: 5
... B47: =B46+1 -> 40 | C47: =IF(ISBLANK(Case!E138),"",Case!E138) -> 10010011011000111001 | D47: 5
B48: =B47+1 -> 41 | C48: =IF(ISBLANK(Case!E165),"",Case!E165) -> 21 | D48: 6
B49: =B48+1 -> 42 | C49: =IF(ISBLANK(Case!E166),"",Case!E166) -> 16 | D49: 6
B50: =B49+1 -> 43 | C50: =IF(ISBLANK(Case!E167),"",Case!E167) -> 22 | D50: 6
B51: =B50+1 -> 44 | C51: =IF(ISBLANK(Case!E168),"",Case!E168) -> 12 | D51: 6
B52: =B51+1 -> 45 | C52: =IF(ISBLANK(Case!E169),"",Case!E169) -> 17 | D52: 6
B53: =B52+1 -> 46 | C53: =IF(ISBLANK(Case!E170),"",Case!E170) -> 14 | D53: 6
B54: =B53+1 -> 47 | C54: =IF(ISBLANK(Case!E171),"",Case!E171) -> 13 | D54: 6
B55: =B54+1 -> 48 | C55: =IF(ISBLANK(Case!E172),"",Case!E172) -> 13 | D55: 6
B56: =B55+1 -> 49 | C56: =IF(ISBLANK(Case!E173),"",Case!E173) -> 19 | D56: 6
B57: =B56+1 -> 50 | C57: =IF(ISBLANK(Case!E174),"",Case!E174) -> 16 | D57: 6
B58: =B57+1 -> 51 | C58: =IF(ISBLANK(Case!E175),"",Case!E175) -> 12 | D58: 6
B59: =B58+1 -> 52 | C59: =IF(ISBLANK(Case!E176),"",Case!E176) -> 13 | D59: 6
... B67: =B66+1 -> 60 | C67: =IF(ISBLANK(Case!E184),"",Case!E184) -> 18 | D67: 6
B68: =B67+1 -> 61 | C68: =IF(ISBLANK(Case!E211),"",Case!E211) -> 30 | D68: 7
B69: =B68+1 -> 62 | C69: =IF(ISBLANK(Case!E212),"",Case!E212) -> 32 | D69: 7
B70: =B69+1 -> 63 | C70: =IF(ISBLANK(Case!E213),"",Case!E213) -> 34 | D70: 7
B71: =B70+1 -> 64 | C71: =IF(ISBLANK(Case!E214),"",Case!E214) -> 30 | D71: 7
B72: =B71+1 -> 65 | C72: =IF(ISBLANK(Case!E215),"",Case!E215) -> 30 | D72: 7
B73: =B72+1 -> 66 | C73: =IF(ISBLANK(Case!E216),"",Case!E216) -> 30 | D73: 7
B74: =B73+1 -> 67 | C74: =IF(ISBLANK(Case!E217),"",Case!E217) -> 26 | D74: 7
B75: =B74+1 -> 68 | C75: =IF(ISBLANK(Case!E218),"",Case!E218) -> 32 | D75: 7
B76: =B75+1 -> 69 | C76: =IF(ISBLANK(Case!E219),"",Case!E219) -> 33 | D76: 7
B77: =B76+1 -> 70 | C77: =IF(ISBLANK(Case!E220),"",Case!E220) -> 33 | D77: 7
B78: =B77+1 -> 71 | C78: =IF(ISBLANK(Case!E221),"",Case!E221) -> 28 | D78: 7
B79: =B78+1 -> 72 | C79: =IF(ISBLANK(Case!E222),"",Case!E222) -> 29 | D79: 7
... B87: =B86+1 -> 80 | C87: =IF(ISBLANK(Case!E230),"",Case!E230) -> 27 | D87: 7
B88: =B87+1 -> 81 | C88: =IF(ISBLANK(Case!E257),"",Case!E257) -> 38 | D88: 8
B89: =B88+1 -> 82 | C89: =IF(ISBLANK(Case!E258),"",Case!E258) -> 4679 | D89: 8
B90: =B89+1 -> 83 | C90: =IF(ISBLANK(Case!E259),"",Case!E259) -> 410 | D90: 8
B91: =B90+1 -> 84 | C91: =IF(ISBLANK(Case!E260),"",Case!E260) -> 25 | D91: 8
B92: =B91+1 -> 85 | C92: =IF(ISBLANK(Case!E261),"",Case!E261) -> 4810 | D92: 8
B93: =B92+1 -> 86 | C93: =IF(ISBLANK(Case!E262),"",Case!E262) -> 510 | D93: 8
B94: =B93+1 -> 87 | C94: =IF(ISBLANK(Case!E263),"",Case!E263) -> 268 | D94: 8
B95: =B94+1 -> 88 | C95: =IF(ISBLANK(Case!E264),"",Case!E264) -> 358 | D95: 8
B96: =B95+1 -> 89 | C96: =IF(ISBLANK(Case!E265),"",Case!E265) -> 24810 | D96: 8
B97: =B96+1 -> 90 | C97: =IF(ISBLANK(Case!E266),"",Case!E266) -> 48 | D97: 8
B98: =B97+1 -> 91 | C98: =IF(ISBLANK(Case!E267),"",Case!E267) -> 4 | D98: 8
B99: =B98+1 -> 92 | C99: =IF(ISBLANK(Case!E268),"",Case!E268) -> 369 | D99: 8
... B107: =B106+1 -> 100 | C107: =IF(ISBLANK(Case!E276),"",Case!E276) -> 38 | D107: 8
B108: =B107+1 -> 101 | C108: =IF(ISBLANK(Case!E299),"",Case!E299) | D108: 9
B109: =B108+1 -> 102 | C109: =IF(ISBLANK(Case!E300),"",Case!E300) | D109: 9
B110: =B109+1 -> 103 | C110: =IF(ISBLANK(Case!E301),"",Case!E301) | D110: 9
B111: =B110+1 -> 104 | C111: =IF(ISBLANK(Case!E302),"",Case!E302) | D111: 9
B112: =B111+1 -> 105 | C112: =IF(ISBLANK(Case!E303),"",Case!E303) | D112: 9
B113: =B112+1 -> 106 | C113: =IF(ISBLANK(Case!E304),"",Case!E304) | D113: 9
B114: =B113+1 -> 107 | C114: =IF(ISBLANK(Case!E305),"",Case!E305) | D114: 9
B115: =B114+1 -> 108 | C115: =IF(ISBLANK(Case!E306),"",Case!E306) | D115: 9
B116: =B115+1 -> 109 | C116: =IF(ISBLANK(Case!E307),"",Case!E307) | D116: 9
B117: =B116+1 -> 110 | C117: =IF(ISBLANK(Case!E308),"",Case!E308) | D117: 9
B118: =B117+1 -> 111 | C118: =IF(ISBLANK(Case!E309),"",Case!E309) | D118: 9
B119: =B118+1 -> 112 | C119: =IF(ISBLANK(Case!E310),"",Case!E310) | D119: 9
... B127: =B126+1 -> 120 | C127: =IF(ISBLANK(Case!E318),"",Case!E318) | D127: 9
B128: =B127+1 -> 121 | C128: =IF(ISBLANK(Case!E342),"",Case!E342) | D128: 10
B129: =B128+1 -> 122 | C129: =IF(ISBLANK(Case!E343),"",Case!E343) | D129: 10
B130: =B129+1 -> 123 | C130: =IF(ISBLANK(Case!E344),"",Case!E344) | D130: 10
B131: =B130+1 -> 124 | C131: =IF(ISBLANK(Case!E345),"",Case!E345) | D131: 10
B132: =B131+1 -> 125 | C132: =IF(ISBLANK(Case!E346),"",Case!E346) | D132: 10
B133: =B132+1 -> 126 | C133: =IF(ISBLANK(Case!E347),"",Case!E347) | D133: 10
B134: =B133+1 -> 127 | C134: =IF(ISBLANK(Case!E348),"",Case!E348) | D134: 10
B135: =B134+1 -> 128 | C135: =IF(ISBLANK(Case!E349),"",Case!E349) | D135: 10
B136: =B135+1 -> 129 | C136: =IF(ISBLANK(Case!E350),"",Case!E350) | D136: 10
B137: =B136+1 -> 130 | C137: =IF(ISBLANK(Case!E351),"",Case!E351) | D137: 10
B138: =B137+1 -> 131 | C138: =IF(ISBLANK(Case!E352),"",Case!E352) | D138: 10
B139: =B138+1 -> 132 | C139: =IF(ISBLANK(Case!E353),"",Case!E353) | D139: 10
... B147: =B146+1 -> 140 | C147: =IF(ISBLANK(Case!E361),"",Case!E361) | D147: 10
