Workbook
Name endTime: [1]BackgroundCalcs!$G$2
Name pCountNew: [1]BackgroundCalcs!$S$2
Name SpreadsheetName: [1]BackgroundCalcs!$D$5
Name startTime: [1]BackgroundCalcs!$F$2
Name stop15: '[1]Last Tab'!$L$15
Name stop16: '[1]Last Tab'!$AE$20
Name stop17: '[1]Last Tab'!$W$31
Name stop21: '[1]Last Tab'!$AM$129
Name stop22: '[1]Last Tab'!$AS$129
Name stop24: '[1]Last Tab'!$BA$57
Name stop25: '[1]Last Tab'!$BR$22
Name stop26: '[1]Last Tab'!$BV$92
Name stop27: '[1]Last Tab'!$BY$6
Name StudentIDCell: [1]BackgroundCalcs!$D$8
Name StudentNameCell: [1]BackgroundCalcs!$D$11
Name totalTime: [1]BackgroundCalcs!$F$29

Sheet Cover
O2: Case Author
B9: Visual Challenge - Varsity Edition | O9: Jack Franken
B11: Case Information | N11: MECC Jobs
B12: This case originally appeared as a part of the MECC Regionals in April 2025. The objective of this case is to model and analyze duck movement across a scene to measure the impact of hunting activity. | N12: MECC sponsors such as Siemens, New York Life, Alvarez & Marsal, and BDO have all hired MECC participants. Will you be next?
B14: About ASUS | N14: Earn MECC Badges
B15: ASUS is a global tech leader known for pushing boundaries with innovative devices, powerful performance, and world-class engineering. The Republic of Gamers (ROG) sub-brand makes the best hardware for PC gaming, eSports, and overclocking, delivering top performance and premium experience. | N15: Completing MECC challenges can earn you a certificate to add to your résumé, showcasing your Excel knowledge. Learn more about the certificates available to earn this season.
G17: #VALUE!
XX1000: 125713

Sheet Case
B2: Microsoft Excel Collegiate Challenge
B4: Duck Hunt - Varsity Edition | M4: Case Author
M5: Jack Franken
M7: Case Design Team
M8: David Brown
M9: Eric Kelley
M10: Leo Fernandez
M11: Nora Junaid
B14: Instructions
B15: You are an ornithologist, studying the impact of duck hunting season on the duck population.
B16: You will track ducks as they fly across the 'Scene', determining how successful the duck hunters are during duck season.
B17: All ducks begin outside of the scene, and fly in either from the left or right, flying horizontally in the same row that the duck began.
B20: Bonus Questions
B22: Bonus questions 1 and 3 can be completed independent of the Levels. Bonus 2 is aided by solving Level 3 first. Bonus 4 is aided by solving Level 6 first. Bonus 5 is aided by solving all of the Levels first.
B24: Game # | C24: Relates to Level # | D24: Points | E24: Answer | G24: Bonus Questions
B25: Bonus 1 | C25: N/A | D25: 30 | E25: =COUNTIF(Scene!B2:U27,0) -> 40 | G25: How many cloud cells are in the scene? See the legend on the Scene tab.
B26: Bonus 2 | C26: 3 | D26: 40 | E26: =COUNTIF(G134:G153,"A*") -> 11 | G26: In Level 3, excluding the example, how many ducks are flying from left-to-right? | R26: {=_xlfn.VSTACK(I177:I196,H219:H238,H264:H283,H308:H327,J308:J327)} -> C23 | T26: {=_xlfn.GROUPBY(_xlfn.ANCHORARRAY(R26),_xlfn.ANCHORARRAY(R26),_xleta.COUNTA,0,0,-2)} -> K17 | U26: 4
B27: Bonus 3 | C27: N/A | D27: 50 | E27: K17 | G27: Across all levels, which cell does the hunter aim at most often? Include both targets in each game within Level 7. Exclude all examples. | R27: N19 | T27: B2 | U27: 3
B28: Bonus 4 | C28: 6 | D28: 60 | E28: 21 | G28: Across all of Level 6, excluding the example, how many ducks are hiding behind the trees when the hunter takes the shot? Include both the green tree and brown trunk cells. | R28: B2 | T28: C21 | U28: 2
B29: Bonus 5 | C29: All Levels | D29: 70 | E29: 0 | G29: How many times across all levels, excluding examples, does the hunter successfully shoot the duck? | R29: U22 | T29: K25 | U29: 2
R30: L20 | T30: L20 | U30: 2
B31: Levels | R31: U19 | T31: M13 | U31: 2
R32: P7 | T32: R21 | U32: 2
B33: Level 1 | C33: Easy | D33: Duck Hunt | R33: P22 | T33: U13 | U33: 2
R34: M9 | T34: U15 | U34: 2
B35: The duck moves 1 cell each second moving from left to right (from column A to column V). | R35: S10 | T35: B10 | U35: 1
B36: What cell will the duck be in, given the starting cell and the number of seconds the duck has flown? | R36: O24 | T36: B14 | U36: 1
L37: 70 | R37: B14 | T37: B17 | U37: 1
B38: Example1: The duck begins in cell A13. | L38: =SUM(D25:D29,D52:D71,D92:D111,D134:D153,D177:D196,D219:D238,D264:D283,D308:D327) -> 1250 | N38: =L38*0.97 -> 1212.5 | R38: K17 | T38: B5 | U38: 1
B39: The duck enters the scene, traveling to the right. | N39: =L38-N38 -> 37.5 | R39: S15 | T39: C12 | U39: 1
B40: The duck travels 6 cells (across 6 columns) in 6 seconds. | R40: J9 | T40: C23 | U40: 1
B41: The duck is at cell G13 (Column A + 6 Columns) after 6 seconds. | R41: I4 | T41: C25 | U41: 1
R42: Q11 | T42: D10 | U42: 1
B43: Answer Hints: | R43: H8 | T43: D12 | U43: 1
B44: Game 1's answer is within the range J7:L11. | R44: O23 | T44: D21 | U44: 1
B45: Game 2's answer is within the range R24:V27. | R45: S12 | T45: D24 | U45: 1
B46: Game 3's answer is within the range B3:E9. | R46: L20 | T46: D7 | U46: 1
R47: B2 | T47: E14 | U47: 1
B48: Game | C48: Level | D48: Points | E48: Answer | G48: Starting Cell | H48: Seconds | R48: B17 | T48: E2 | U48: 1
R49: R25 | T49: E7 | U49: 1
B50: Example1 | C50: 1 | D50: 0 | E50: G13 | G50: A13 | H50: 6 | R50: L10 | T50: F11 | U50: 1
R51: G11 | T51: F14 | U51: 1
B52: 1 | C52: 1 | D52: 4 | E52: {=SUBSTITUTE(CELL("adres",OFFSET(INDIRECT(G52),,H52,1,1)),"$","")} -> K10 | G52: A10 | H52: 10 | R52: G7 | T52: F15 | U52: 1
B53: =B52+1 -> 2 | C53: 1 | D53: 4 | E53: {=SUBSTITUTE(CELL("adres",OFFSET(INDIRECT(G53),,H53,1,1)),"$","")} -> S25 | G53: A25 | H53: 18 | R53: M12 | T53: F25 | U53: 1
B54: =B53+1 -> 3 | C54: 1 | D54: 4 | E54: {=SUBSTITUTE(CELL("adres",OFFSET(INDIRECT(G54),,H54,1,1)),"$","")} -> E4 | G54: A4 | H54: 4 | R54: N7 | T54: G11 | U54: 1
B55: =B54+1 -> 4 | C55: 1 | D55: 4 | E55: {=SUBSTITUTE(CELL("adres",OFFSET(INDIRECT(G55),,H55,1,1)),"$","")} -> C19 | G55: A19 | H55: 2 | R55: P13 | T55: G12 | U55: 1
B56: =B55+1 -> 5 | C56: 1 | D56: 4 | E56: {=SUBSTITUTE(CELL("adres",OFFSET(INDIRECT(G56),,H56,1,1)),"$","")} -> P26 | G56: A26 | H56: 15 | R56: U13 | T56: G25 | U56: 1
B57: =B56+1 -> 6 | C57: 1 | D57: 4 | E57: {=SUBSTITUTE(CELL("adres",OFFSET(INDIRECT(G57),,H57,1,1)),"$","")} -> C3 | G57: A3 | H57: 2 | R57: C21 | T57: G7 | U57: 1
B58: =B57+1 -> 7 | C58: 1 | D58: 4 | E58: {=SUBSTITUTE(CELL("adres",OFFSET(INDIRECT(G58),,H58,1,1)),"$","")} -> Q17 | G58: A17 | H58: 16 | R58: P19 | T58: G9 | U58: 1
B59: =B58+1 -> 8 | C59: 1 | D59: 4 | E59: {=SUBSTITUTE(CELL("adres",OFFSET(INDIRECT(G59),,H59,1,1)),"$","")} -> C4 | G59: A4 | H59: 2 | R59: N18 | T59: H17 | U59: 1
B60: =B59+1 -> 9 | C60: 1 | D60: 4 | E60: {=SUBSTITUTE(CELL("adres",OFFSET(INDIRECT(G60),,H60,1,1)),"$","")} -> L3 | G60: A3 | H60: 11 | R60: I22 | T60: H18 | U60: 1
B61: =B60+1 -> 10 | C61: 1 | D61: 4 | E61: {=SUBSTITUTE(CELL("adres",OFFSET(INDIRECT(G61),,H61,1,1)),"$","")} -> O16 | G61: A16 | H61: 14 | R61: R6 | T61: H3 | U61: 1
B62: =B61+1 -> 11 | C62: 1 | D62: 4 | E62: {=SUBSTITUTE(CELL("adres",OFFSET(INDIRECT(G62),,H62,1,1)),"$","")} -> D7 | G62: A7 | H62: 3 | R62: M25 | T62: H8 | U62: 1
B63: =B62+1 -> 12 | C63: 1 | D63: 4 | E63: {=SUBSTITUTE(CELL("adres",OFFSET(INDIRECT(G63),,H63,1,1)),"$","")} -> I21 | G63: A21 | H63: 8 | R63: K17 | T63: I12 | U63: 1
B64: =B63+1 -> 13 | C64: 1 | D64: 4 | E64: {=SUBSTITUTE(CELL("adres",OFFSET(INDIRECT(G64),,H64,1,1)),"$","")} -> D8 | G64: A8 | H64: 3 | R64: G12 | T64: I22 | U64: 1
... B71: =B70+1 -> 20 | C71: 1 | D71: 4 | E71: {=SUBSTITUTE(CELL("adres",OFFSET(INDIRECT(G71),,H71,1,1)),"$","")} -> N13 | G71: A13 | H71: 13 | R71: H17 | T71: L8 | U71: 1
R72: G25 | T72: M12 | U72: 1
B73: Level 2 | C73: Easy | D73: Hunt Duck | R73: P2 | T73: M25 | U73: 1
R74: S21 | T74: M9 | U74: 1
B75: The duck moves 1 cell each second moving from right to left (from column V to column A). | R75: D24 | T75: N16 | U75: 1
B76: What cell will the duck be in, given the starting cell and the number of seconds the duck has flown? | R76: K14 | T76: N18 | U76: 1
R77: M13 | T77: N19 | U77: 1
B78: Example2: The duck begins in cell V6. | R78: E7 | T78: N2 | U78: 1
B79: The duck enters the scene, traveling to the left. | R79: D10 | T79: N7 | U79: 1
B80: The duck travels 8 cells (across 8 columns) in 8 seconds. | R80: F11 | T80: O23 | U80: 1
B81: The duck is at cell N6 (Column V - 8 Columns) after 8 seconds. | R81: U2 | T81: O24 | U81: 1
R82: T8 | T82: P13 | U82: 1
B83: Answer Hints: | R83: S8 | T83: P19 | U83: 1
B84: Game 21's answer is within the range D10:G14. | R84: J8 | T84: P2 | U84: 1
B85: Game 22's answer is within the range D15:J17. | R85: K25 | T85: P22 | U85: 1
B86: Game 23's answer is within the range N19:O22. | R86: B5 | T86: P25 | U86: 1
R87: D12 | T87: P6 | U87: 1
B88: Game | C88: Level | D88: Points | E88: Answer | G88: Starting Cell | H88: Seconds | R88: I12 | T88: P7 | U88: 1
R89: R11 | T89: Q11 | U89: 1
B90: Example2 | C90: 2 | D90: 0 | E90: N6 | G90: V6 | H90: 8 | R90: B2 | T90: Q18 | U90: 1
R91: U10 | T91: Q2 | U91: 1
B92: 21 | C92: 2 | D92: 4 | E92: {=SUBSTITUTE(CELL("adres",OFFSET(INDIRECT(G92),,-H92,1,1)),"$","")} -> D12 | G92: V12 | H92: 18 | R92: U20 | T92: R11 | U92: 1
B93: =B92+1 -> 22 | C93: 2 | D93: 4 | E93: {=SUBSTITUTE(CELL("adres",OFFSET(INDIRECT(G93),,-H93,1,1)),"$","")} -> G16 | G93: V16 | H93: 15 | R93: U13 | T93: R23 | U93: 1
B94: =B93+1 -> 23 | C94: 2 | D94: 4 | E94: {=SUBSTITUTE(CELL("adres",OFFSET(INDIRECT(G94),,-H94,1,1)),"$","")} -> O21 | G94: V21 | H94: 7 | R94: P25 | T94: R25 | U94: 1
B95: =B94+1 -> 24 | C95: 2 | D95: 4 | E95: {=SUBSTITUTE(CELL("adres",OFFSET(INDIRECT(G95),,-H95,1,1)),"$","")} -> L6 | G95: V6 | H95: 10 | R95: U25 | T95: R6 | U95: 1
B96: =B95+1 -> 25 | C96: 2 | D96: 4 | E96: {=SUBSTITUTE(CELL("adres",OFFSET(INDIRECT(G96),,-H96,1,1)),"$","")} -> Q26 | G96: V26 | H96: 5 | R96: R23 | T96: R7 | U96: 1
B97: =B96+1 -> 26 | C97: 2 | D97: 4 | E97: {=SUBSTITUTE(CELL("adres",OFFSET(INDIRECT(G97),,-H97,1,1)),"$","")} -> F25 | G97: V25 | H97: 16 | R97: K17 | T97: S10 | U97: 1
B98: =B97+1 -> 27 | C98: 2 | D98: 4 | E98: {=SUBSTITUTE(CELL("adres",OFFSET(INDIRECT(G98),,-H98,1,1)),"$","")} -> M26 | G98: V26 | H98: 9 | R98: C12 | T98: S12 | U98: 1
B99: =B98+1 -> 28 | C99: 2 | D99: 4 | E99: {=SUBSTITUTE(CELL("adres",OFFSET(INDIRECT(G99),,-H99,1,1)),"$","")} -> F25 | G99: V25 | H99: 16 | R99: H18 | T99: S15 | U99: 1
B100: =B99+1 -> 29 | C100: 2 | D100: 4 | E100: {=SUBSTITUTE(CELL("adres",OFFSET(INDIRECT(G100),,-H100,1,1)),"$","")} -> B17 | G100: V17 | H100: 20 | R100: Q18 | T100: S20 | U100: 1
B101: =B100+1 -> 30 | C101: 2 | D101: 4 | E101: {=SUBSTITUTE(CELL("adres",OFFSET(INDIRECT(G101),,-H101,1,1)),"$","")} -> D8 | G101: V8 | H101: 18 | R101: F14 | T101: S21 | U101: 1
B102: =B101+1 -> 31 | C102: 2 | D102: 4 | E102: {=SUBSTITUTE(CELL("adres",OFFSET(INDIRECT(G102),,-H102,1,1)),"$","")} -> N9 | G102: V9 | H102: 8 | R102: C25 | T102: S8 | U102: 1
B103: =B102+1 -> 32 | C103: 2 | D103: 4 | E103: {=SUBSTITUTE(CELL("adres",OFFSET(INDIRECT(G103),,-H103,1,1)),"$","")} -> R8 | G103: V8 | H103: 4 | R103: K17 | T103: T22 | U103: 1
B104: =B103+1 -> 33 | C104: 2 | D104: 4 | E104: {=SUBSTITUTE(CELL("adres",OFFSET(INDIRECT(G104),,-H104,1,1)),"$","")} -> P22 | G104: V22 | H104: 6 | R104: N2 | T104: T8 | U104: 1
... B111: =B110+1 -> 40 | C111: 2 | D111: 4 | E111: {=SUBSTITUTE(CELL("adres",OFFSET(INDIRECT(G111),,-H111,1,1)),"$","")} -> S17 | G111: V17 | H111: 3 | R111: R7 | T111: U22 | U111: 1
R112: T22 | T112: U25 | U112: 1
B113: Level 3 | C113: Easy-Medium | D113: Cross-Eyed Hunter | R113: Q2 | T113: U7 | U113: 1
R114: P6
B115: Now ducks are flying in from both diretions. | R115: U12
B116: Ducks that start in column A move 1 cell each second from left to right (from column A to column V). | R116: S20
B117: Ducks that start in column V move 1 cell each second from right to left (from column V to column A). | R117: E2
B118: What cell will the duck be in, given the starting cell and the number of seconds the duck has flown? | R118: D21
R119: F15
B120: Example3: The duck begins in Cell A8. | R120: E14
B121: The duck enters the scene. Because the duck started in Column A, it is traveling to the right. | R121: T9
...

Sheet Scene
A2: → | B2: 1 | C2: 1 | D2: 1 | E2: 1 | F2: 1 | G2: 1 | H2: 1 | I2: 1 | J2: 1 | K2: 1 | L2: 1 | M2: 1 | N2: 1 | O2: 1 | P2: 1 | Q2: 1 | R2: 1 | S2: 1 | T2: 1 | U2: 1 | V2: ← | W2: Cloud | X2: 0
A3: → | B3: 1 | C3: 1 | D3: 0 | E3: 1 | F3: 1 | G3: 1 | H3: 1 | I3: 1 | J3: 1 | K3: 1 | L3: 1 | M3: 1 | N3: 1 | O3: 1 | P3: 1 | Q3: 1 | R3: 1 | S3: 1 | T3: 1 | U3: 1 | V3: ← | W3: Sky | X3: 1
A4: → | B4: 1 | C4: 0 | D4: 0 | E4: 1 | F4: 1 | G4: 1 | H4: 0 | I4: 1 | J4: 1 | K4: 1 | L4: 1 | M4: 1 | N4: 1 | O4: 1 | P4: 1 | Q4: 1 | R4: 1 | S4: 0 | T4: 0 | U4: 1 | V4: ← | W4: Tree | X4: 2
A5: → | B5: 1 | C5: 0 | D5: 0 | E5: 1 | F5: 1 | G5: 1 | H5: 0 | I5: 0 | J5: 1 | K5: 1 | L5: 1 | M5: 1 | N5: 1 | O5: 1 | P5: 1 | Q5: 1 | R5: 1 | S5: 0 | T5: 0 | U5: 1 | V5: ← | W5: Trunk | X5: 3
A6: → | B6: 1 | C6: 1 | D6: 1 | E6: 1 | F6: 1 | G6: 1 | H6: 0 | I6: 0 | J6: 1 | K6: 1 | L6: 1 | M6: 1 | N6: 1 | O6: 1 | P6: 1 | Q6: 1 | R6: 1 | S6: 0 | T6: 0 | U6: 1 | V6: ← | W6: Grass | X6: 4
A7: → | B7: 1 | C7: 1 | D7: 1 | E7: 1 | F7: 1 | G7: 1 | H7: 1 | I7: 1 | J7: 1 | K7: 1 | L7: 1 | M7: 1 | N7: 1 | O7: 1 | P7: 1 | Q7: 1 | R7: 1 | S7: 0 | T7: 1 | U7: 1 | V7: ←
A8: → | B8: 1 | C8: 1 | D8: 1 | E8: 1 | F8: 1 | G8: 1 | H8: 1 | I8: 1 | J8: 1 | K8: 1 | L8: 1 | M8: 1 | N8: 1 | O8: 1 | P8: 1 | Q8: 1 | R8: 1 | S8: 1 | T8: 1 | U8: 1 | V8: ←
A9: → | B9: 1 | C9: 1 | D9: 1 | E9: 1 | F9: 1 | G9: 1 | H9: 1 | I9: 1 | J9: 1 | K9: 1 | L9: 1 | M9: 1 | N9: 1 | O9: 1 | P9: 1 | Q9: 1 | R9: 1 | S9: 1 | T9: 1 | U9: 1 | V9: ←
A10: → | B10: 1 | C10: 1 | D10: 1 | E10: 1 | F10: 1 | G10: 1 | H10: 1 | I10: 1 | J10: 0 | K10: 1 | L10: 1 | M10: 1 | N10: 1 | O10: 0 | P10: 1 | Q10: 1 | R10: 1 | S10: 1 | T10: 1 | U10: 1 | V10: ←
A11: → | B11: 1 | C11: 1 | D11: 1 | E11: 1 | F11: 1 | G11: 1 | H11: 1 | I11: 1 | J11: 0 | K11: 1 | L11: 1 | M11: 1 | N11: 0 | O11: 0 | P11: 0 | Q11: 1 | R11: 1 | S11: 1 | T11: 1 | U11: 1 | V11: ←
A12: → | B12: 1 | C12: 1 | D12: 1 | E12: 1 | F12: 1 | G12: 0 | H12: 1 | I12: 1 | J12: 1 | K12: 1 | L12: 1 | M12: 1 | N12: 0 | O12: 0 | P12: 0 | Q12: 1 | R12: 1 | S12: 1 | T12: 1 | U12: 1 | V12: ←
A13: → | B13: 1 | C13: 1 | D13: 1 | E13: 1 | F13: 1 | G13: 0 | H13: 1 | I13: 1 | J13: 1 | K13: 1 | L13: 1 | M13: 1 | N13: 1 | O13: 1 | P13: 1 | Q13: 1 | R13: 1 | S13: 1 | T13: 1 | U13: 1 | V13: ←
A14: → | B14: 1 | C14: 1 | D14: 1 | E14: 1 | F14: 1 | G14: 1 | H14: 1 | I14: 1 | J14: 1 | K14: 1 | L14: 1 | M14: 1 | N14: 1 | O14: 1 | P14: 1 | Q14: 1 | R14: 1 | S14: 1 | T14: 1 | U14: 1 | V14: ←
A15: → | B15: 1 | C15: 1 | D15: 1 | E15: 1 | G15: 1 | H15: 1 | I15: 1 | J15: 1 | K15: 1 | L15: 1 | M15: 1 | N15: 1 | O15: 1 | P15: 1 | Q15: 1 | R15: 1 | S15: 1 | T15: 1 | U15: 1 | V15: ←
A16: → | B16: 1 | C16: 1 | D16: 0 | E16: 1 | G16: 1 | H16: 1 | I16: 0 | J16: 1 | K16: 1 | L16: 1 | M16: 1 | N16: 1 | O16: 1 | P16: 1 | Q16: 1 | R16: 1 | S16: 1 | T16: 1 | U16: 1 | V16: ←
A17: → | B17: 1 | C17: 1 | D17: 0 | E17: 0 | G17: 1 | H17: 1 | I17: 0 | J17: 1 | K17: 1 | L17: 1 | M17: 1 | N17: 1 | O17: 1 | P17: 1 | Q17: 1 | R17: 1 | S17: 1 | T17: 0 | U17: 1 | V17: ←
A18: → | B18: 1 | C18: 1 | D18: 0 | E18: 0 | F18: 1 | G18: 1 | H18: 1 | I18: 1 | J18: 1 | K18: 1 | L18: 1 | M18: 1 | N18: 1 | O18: 1 | P18: 1 | Q18: 1 | R18: 1 | S18: 0 | T18: 0 | U18: 1 | V18: ←
A19: → | B19: 1 | C19: 1 | D19: 1 | E19: 1 | F19: 1 | G19: 1 | H19: 1 | I19: 1 | J19: 1 | K19: 1 | L19: 1 | M19: 1 | N19: 1 | O19: 1 | P19: 1 | Q19: 1 | R19: 1 | S19: 0 | T19: 0 | U19: 1 | V19: ←
A20: → | B20: 1 | C20: 1 | D20: 1 | E20: 2 | F20: 1 | G20: 1 | H20: 1 | I20: 1 | J20: 1 | K20: 1 | L20: 1 | M20: 1 | N20: 1 | O20: 1 | P20: 2 | Q20: 1 | R20: 1 | S20: 1 | T20: 1 | U20: 1 | V20: ←
A21: → | B21: 1 | C21: 1 | D21: 2 | E21: 2 | F21: 2 | G21: 1 | H21: 1 | I21: 1 | J21: 1 | K21: 1 | L21: 1 | M21: 1 | N21: 1 | O21: 2 | P21: 2 | Q21: 2 | R21: 1 | S21: 1 | T21: 1 | U21: 1 | V21: ←
A22: → | B22: 1 | C22: 1 | D22: 2 | E22: 2 | F22: 2 | G22: 1 | H22: 1 | I22: 1 | J22: 1 | K22: 1 | L22: 1 | M22: 1 | N22: 1 | O22: 2 | P22: 2 | Q22: 2 | R22: 1 | S22: 1 | T22: 1 | U22: 1 | V22: ←
A23: → | B23: 1 | C23: 2 | D23: 2 | E23: 2 | F23: 2 | G23: 2 | H23: 1 | I23: 1 | J23: 1 | K23: 1 | L23: 1 | M23: 1 | N23: 2 | O23: 2 | P23: 2 | Q23: 2 | R23: 2 | S23: 1 | T23: 1 | U23: 1 | V23: ←
A24: → | B24: 1 | C24: 2 | D24: 2 | E24: 2 | F24: 2 | G24: 2 | H24: 1 | I24: 1 | J24: 1 | K24: 1 | L24: 1 | M24: 1 | N24: 2 | O24: 2 | P24: 2 | Q24: 2 | R24: 2 | S24: 1 | T24: 1 | U24: 1 | V24: ←
A25: → | B25: 1 | C25: 1 | D25: 1 | E25: 3 | F25: 1 | G25: 1 | H25: 1 | I25: 1 | J25: 1 | K25: 1 | L25: 1 | M25: 1 | N25: 1 | O25: 1 | P25: 3 | Q25: 1 | R25: 1 | S25: 1 | T25: 1 | U25: 1 | V25: ←
A26: → | B26: 1 | C26: 1 | D26: 1 | E26: 3 | F26: 1 | G26: 1 | H26: 1 | I26: 1 | J26: 1 | K26: 1 | L26: 1 | M26: 1 | N26: 1 | O26: 1 | P26: 3 | Q26: 1 | R26: 1 | S26: 1 | T26: 1 | U26: 1 | V26: ←
B27: 4 | C27: 4 | D27: 4 | E27: 4 | F27: 4 | G27: 4 | H27: 4 | I27: 4 | J27: 4 | K27: 4 | L27: 4 | M27: 4 | N27: 4 | O27: 4 | P27: 4 | Q27: 4 | R27: 4 | S27: 4 | T27: 4 | U27: 4
E29: {=CELL("adres",E20)} -> $E$20 | P29: {=CELL("adres",P20)} -> $P$20
D30: {=CELL("adres",D21)} -> $D$21 | E30: {=CELL("adres",E21)} -> $E$21 | F30: {=CELL("adres",F21)} -> $F$21 | O30: {=CELL("adres",O21)} -> $O$21 | P30: {=CELL("adres",P21)} -> $P$21 | Q30: {=CELL("adres",Q21)} -> $Q$21
D31: {=CELL("adres",D22)} -> $D$22 | E31: {=CELL("adres",E22)} -> $E$22 | F31: {=CELL("adres",F22)} -> $F$22 | O31: {=CELL("adres",O22)} -> $O$22 | P31: {=CELL("adres",P22)} -> $P$22 | Q31: {=CELL("adres",Q22)} -> $Q$22
C32: {=CELL("adres",C22)} -> $C$22 | D32: {=CELL("adres",D23)} -> $D$23 | E32: {=CELL("adres",E23)} -> $E$23 | F32: {=CELL("adres",F23)} -> $F$23 | G32: {=CELL("adres",G23)} -> $G$23 | N32: {=CELL("adres",N22)} -> $N$22 | O32: {=CELL("adres",O23)} -> $O$23 | P32: {=CELL("adres",P23)} -> $P$23 | Q32: {=CELL("adres",Q23)} -> $Q$23 | R32: {=CELL("adres",R23)} -> $R$23
C33: {=CELL("adres",C23)} -> $C$23 | D33: {=CELL("adres",D24)} -> $D$24 | E33: {=CELL("adres",E24)} -> $E$24 | F33: {=CELL("adres",F24)} -> $F$24 | G33: {=CELL("adres",G24)} -> $G$24 | N33: {=CELL("adres",N23)} -> $N$23 | O33: {=CELL("adres",O24)} -> $O$24 | P33: {=CELL("adres",P24)} -> $P$24 | Q33: {=CELL("adres",Q24)} -> $Q$24 | R33: {=CELL("adres",R24)} -> $R$24
E34: {=CELL("adres",E25)} -> $E$25 | P34: {=CELL("adres",P25)} -> $P$25
E35: {=CELL("adres",E26)} -> $E$26 | P35: {=CELL("adres",P26)} -> $P$26
C40: {=SUBSTITUTE(_xlfn.TOCOL(C29:R36,1), "$", "")} -> E20
C41: P20
C42: D21
C43: E21
C44: F21
C45: O21
C46: P21
C47: Q21
C48: D22
C49: E22
C50: F22
C51: O22
C52: P22
... C77: P26
XX1000: 125713

Sheet Graded Answers
B1: Your Answers
B2: Game # | C2: Answer | D2: Points
B3: Bonus 1 | C3: =IF(ISBLANK(Case!E25),"",Case!E25) -> 40 | D3: 30
B4: Bonus 2 | C4: =IF(ISBLANK(Case!E26),"",Case!E26) -> 11 | D4: 40
B5: Bonus 3 | C5: =IF(ISBLANK(Case!E27),"",Case!E27) -> K17 | D5: 50
B6: Bonus 4 | C6: =IF(ISBLANK(Case!E28),"",Case!E28) -> 21 | D6: 60
B7: Bonus 5 | C7: =IF(ISBLANK(Case!E29),"",Case!E29) -> 0 | D7: 70
B8: 1 | C8: =IF(ISBLANK(Case!E52),"",Case!E52) -> K10 | D8: 4
B9: =B8+1 -> 2 | C9: =IF(ISBLANK(Case!E53),"",Case!E53) -> S25 | D9: 4
B10: =B9+1 -> 3 | C10: =IF(ISBLANK(Case!E54),"",Case!E54) -> E4 | D10: 4
B11: =B10+1 -> 4 | C11: =IF(ISBLANK(Case!E55),"",Case!E55) -> C19 | D11: 4
B12: =B11+1 -> 5 | C12: =IF(ISBLANK(Case!E56),"",Case!E56) -> P26 | D12: 4
B13: =B12+1 -> 6 | C13: =IF(ISBLANK(Case!E57),"",Case!E57) -> C3 | D13: 4
B14: =B13+1 -> 7 | C14: =IF(ISBLANK(Case!E58),"",Case!E58) -> Q17 | D14: 4
B15: =B14+1 -> 8 | C15: =IF(ISBLANK(Case!E59),"",Case!E59) -> C4 | D15: 4
B16: =B15+1 -> 9 | C16: =IF(ISBLANK(Case!E60),"",Case!E60) -> L3 | D16: 4
B17: =B16+1 -> 10 | C17: =IF(ISBLANK(Case!E61),"",Case!E61) -> O16 | D17: 4
B18: =B17+1 -> 11 | C18: =IF(ISBLANK(Case!E62),"",Case!E62) -> D7 | D18: 4
B19: =B18+1 -> 12 | C19: =IF(ISBLANK(Case!E63),"",Case!E63) -> I21 | D19: 4
B20: =B19+1 -> 13 | C20: =IF(ISBLANK(Case!E64),"",Case!E64) -> D8 | D20: 4
... B27: =B26+1 -> 20 | C27: =IF(ISBLANK(Case!E71),"",Case!E71) -> N13 | D27: 4
B28: =B27+1 -> 21 | C28: =IF(ISBLANK(Case!E92),"",Case!E92) -> D12 | D28: 4
B29: =B28+1 -> 22 | C29: =IF(ISBLANK(Case!E93),"",Case!E93) -> G16 | D29: 4
B30: =B29+1 -> 23 | C30: =IF(ISBLANK(Case!E94),"",Case!E94) -> O21 | D30: 4
B31: =B30+1 -> 24 | C31: =IF(ISBLANK(Case!E95),"",Case!E95) -> L6 | D31: 4
B32: =B31+1 -> 25 | C32: =IF(ISBLANK(Case!E96),"",Case!E96) -> Q26 | D32: 4
B33: =B32+1 -> 26 | C33: =IF(ISBLANK(Case!E97),"",Case!E97) -> F25 | D33: 4
B34: =B33+1 -> 27 | C34: =IF(ISBLANK(Case!E98),"",Case!E98) -> M26 | D34: 4
B35: =B34+1 -> 28 | C35: =IF(ISBLANK(Case!E99),"",Case!E99) -> F25 | D35: 4
B36: =B35+1 -> 29 | C36: =IF(ISBLANK(Case!E100),"",Case!E100) -> B17 | D36: 4
B37: =B36+1 -> 30 | C37: =IF(ISBLANK(Case!E101),"",Case!E101) -> D8 | D37: 4
B38: =B37+1 -> 31 | C38: =IF(ISBLANK(Case!E102),"",Case!E102) -> N9 | D38: 4
B39: =B38+1 -> 32 | C39: =IF(ISBLANK(Case!E103),"",Case!E103) -> R8 | D39: 4
... B47: =B46+1 -> 40 | C47: =IF(ISBLANK(Case!E111),"",Case!E111) -> S17 | D47: 4
B48: =B47+1 -> 41 | C48: =IF(ISBLANK(Case!E134),"",Case!E134) -> G17 | D48: 5
B49: =B48+1 -> 42 | C49: =IF(ISBLANK(Case!E135),"",Case!E135) -> S6 | D49: 5
B50: =B49+1 -> 43 | C50: =IF(ISBLANK(Case!E136),"",Case!E136) -> J5 | D50: 5
B51: =B50+1 -> 44 | C51: =IF(ISBLANK(Case!E137),"",Case!E137) -> E11 | D51: 5
B52: =B51+1 -> 45 | C52: =IF(ISBLANK(Case!E138),"",Case!E138) -> F26 | D52: 5
B53: =B52+1 -> 46 | C53: =IF(ISBLANK(Case!E139),"",Case!E139) -> H26 | D53: 5
B54: =B53+1 -> 47 | C54: =IF(ISBLANK(Case!E140),"",Case!E140) -> K6 | D54: 5
B55: =B54+1 -> 48 | C55: =IF(ISBLANK(Case!E141),"",Case!E141) -> O16 | D55: 5
B56: =B55+1 -> 49 | C56: =IF(ISBLANK(Case!E142),"",Case!E142) -> N21 | D56: 5
B57: =B56+1 -> 50 | C57: =IF(ISBLANK(Case!E143),"",Case!E143) -> R18 | D57: 5
B58: =B57+1 -> 51 | C58: =IF(ISBLANK(Case!E144),"",Case!E144) -> D10 | D58: 5
B59: =B58+1 -> 52 | C59: =IF(ISBLANK(Case!E145),"",Case!E145) -> P12 | D59: 5
... B67: =B66+1 -> 60 | C67: =IF(ISBLANK(Case!E153),"",Case!E153) -> M2 | D67: 5
B68: =B67+1 -> 61 | C68: =IF(ISBLANK(Case!E177),"",Case!E177) -> 3 | D68: 7
B69: =B68+1 -> 62 | C69: =IF(ISBLANK(Case!E178),"",Case!E178) -> 6 | D69: 7
B70: =B69+1 -> 63 | C70: =IF(ISBLANK(Case!E179),"",Case!E179) -> 15 | D70: 7
B71: =B70+1 -> 64 | C71: =IF(ISBLANK(Case!E180),"",Case!E180) -> 4 | D71: 7
B72: =B71+1 -> 65 | C72: =IF(ISBLANK(Case!E181),"",Case!E181) -> 6 | D72: 7
B73: =B72+1 -> 66 | C73: =IF(ISBLANK(Case!E182),"",Case!E182) -> 3 | D73: 7
B74: =B73+1 -> 67 | C74: =IF(ISBLANK(Case!E183),"",Case!E183) -> 5 | D74: 7
B75: =B74+1 -> 68 | C75: =IF(ISBLANK(Case!E184),"",Case!E184) -> 3 | D75: 7
B76: =B75+1 -> 69 | C76: =IF(ISBLANK(Case!E185),"",Case!E185) -> 7 | D76: 7
B77: =B76+1 -> 70 | C77: =IF(ISBLANK(Case!E186),"",Case!E186) -> 8 | D77: 7
B78: =B77+1 -> 71 | C78: =IF(ISBLANK(Case!E187),"",Case!E187) -> 1 | D78: 7
B79: =B78+1 -> 72 | C79: =IF(ISBLANK(Case!E188),"",Case!E188) -> 7 | D79: 7
... B87: =B86+1 -> 80 | C87: =IF(ISBLANK(Case!E196),"",Case!E196) -> 8 | D87: 7
B88: =B87+1 -> 81 | C88: =IF(ISBLANK(Case!E219),"",Case!E219) -> 2 | D88: 8
B89: =B88+1 -> 82 | C89: =IF(ISBLANK(Case!E220),"",Case!E220) -> 9 | D89: 8
B90: =B89+1 -> 83 | C90: =IF(ISBLANK(Case!E221),"",Case!E221) -> 11 | D90: 8
B91: =B90+1 -> 84 | C91: =IF(ISBLANK(Case!E222),"",Case!E222) -> 3 | D91: 8
B92: =B91+1 -> 85 | C92: =IF(ISBLANK(Case!E223),"",Case!E223) -> 4 | D92: 8
B93: =B92+1 -> 86 | C93: =IF(ISBLANK(Case!E224),"",Case!E224) -> 3 | D93: 8
B94: =B93+1 -> 87 | C94: =IF(ISBLANK(Case!E225),"",Case!E225) -> 9 | D94: 8
B95: =B94+1 -> 88 | C95: =IF(ISBLANK(Case!E226),"",Case!E226) -> 3 | D95: 8
B96: =B95+1 -> 89 | C96: =IF(ISBLANK(Case!E227),"",Case!E227) -> 6 | D96: 8
B97: =B96+1 -> 90 | C97: =IF(ISBLANK(Case!E228),"",Case!E228) -> 6 | D97: 8
B98: =B97+1 -> 91 | C98: =IF(ISBLANK(Case!E229),"",Case!E229) -> 1 | D98: 8
B99: =B98+1 -> 92 | C99: =IF(ISBLANK(Case!E230),"",Case!E230) -> 3 | D99: 8
... B107: =B106+1 -> 100 | C107: =IF(ISBLANK(Case!E238),"",Case!E238) -> 5 | D107: 8
B108: =B107+1 -> 101 | C108: =IF(ISBLANK(Case!E264),"",Case!E264) -> H6 | D108: 10
B109: =B108+1 -> 102 | C109: =IF(ISBLANK(Case!E265),"",Case!E265) -> U11 | D109: 10
B110: =B109+1 -> 103 | C110: =IF(ISBLANK(Case!E266),"",Case!E266) -> F6 | D110: 10
B111: =B110+1 -> 104 | C111: =IF(ISBLANK(Case!E267),"",Case!E267) -> N13 | D111: 10
B112: =B111+1 -> 105 | C112: =IF(ISBLANK(Case!E268),"",Case!E268) -> R13 | D112: 10
B113: =B112+1 -> 106 | C113: =IF(ISBLANK(Case!E269),"",Case!E269) -> F20 | D113: 10
B114: =B113+1 -> 107 | C114: =IF(ISBLANK(Case!E270),"",Case!E270) -> F24 | D114: 10
B115: =B114+1 -> 108 | C115: =IF(ISBLANK(Case!E271),"",Case!E271) -> T3 | D115: 10
B116: =B115+1 -> 109 | C116: =IF(ISBLANK(Case!E272),"",Case!E272) -> R18 | D116: 10
B117: =B116+1 -> 110 | C117: =IF(ISBLANK(Case!E273),"",Case!E273) -> C23 | D117: 10
B118: =B117+1 -> 111 | C118: =IF(ISBLANK(Case!E274),"",Case!E274) -> F17 | D118: 10
B119: =B118+1 -> 112 | C119: =IF(ISBLANK(Case!E275),"",Case!E275) -> O15 | D119: 10
... B127: =B126+1 -> 120 | C127: =IF(ISBLANK(Case!E283),"",Case!E283) -> J20 | D127: 10
B128: =B127+1 -> 121 | C128: =IF(ISBLANK(Case!E308),"",Case!E308) -> F17 | D128: 12
B129: =B128+1 -> 122 | C129: =IF(ISBLANK(Case!E309),"",Case!E309) -> C13 | D129: 12
B130: =B129+1 -> 123 | C130: =IF(ISBLANK(Case!E310),"",Case!E310) -> E12 | D130: 12
B131: =B130+1 -> 124 | C131: =IF(ISBLANK(Case!E311),"",Case!E311) -> P26 | D131: 12
B132: =B131+1 -> 125 | C132: =IF(ISBLANK(Case!E312),"",Case!E312) -> Q20 | D132: 12
B133: =B132+1 -> 126 | C133: =IF(ISBLANK(Case!E313),"",Case!E313) -> S5 | D133: 12
B134: =B133+1 -> 127 | C134: =IF(ISBLANK(Case!E314),"",Case!E314) -> S22 | D134: 12
B135: =B134+1 -> 128 | C135: =IF(ISBLANK(Case!E315),"",Case!E315) -> R2 | D135: 12
B136: =B135+1 -> 129 | C136: =IF(ISBLANK(Case!E316),"",Case!E316) -> T7 | D136: 12
B137: =B136+1 -> 130 | C137: =IF(ISBLANK(Case!E317),"",Case!E317) -> U24 | D137: 12
B138: =B137+1 -> 131 | C138: =IF(ISBLANK(Case!E318),"",Case!E318) -> S21 | D138: 12
B139: =B138+1 -> 132 | C139: =IF(ISBLANK(Case!E319),"",Case!E319) -> B7 | D139: 12
... B147: =B146+1 -> 140 | C147: =IF(ISBLANK(Case!E327),"",Case!E327) -> T10 | D147: 12
