Workbook
Name endTime: [1]BackgroundCalcs!$G$2
Name pCountNew: [1]BackgroundCalcs!$S$2
Name sceneNumbered: 'Scene (Numbered)'!$B$1:$U$27
Name SpreadsheetName: [1]BackgroundCalcs!$D$5
Name startTime: [1]BackgroundCalcs!$F$2
Name stop15: '[1]Last Tab'!$L$15
Name stop16: '[1]Last Tab'!$AE$20
Name stop17: '[1]Last Tab'!$W$31
Name stop21: '[1]Last Tab'!$AM$129
Name stop22: '[1]Last Tab'!$AS$129
Name stop24: '[1]Last Tab'!$BA$57
Name stop25: '[1]Last Tab'!$BR$22
Name stop26: '[1]Last Tab'!$BV$92
Name stop27: '[1]Last Tab'!$BY$6
Name StudentIDCell: [1]BackgroundCalcs!$D$8
Name StudentNameCell: [1]BackgroundCalcs!$D$11
Name totalTime: [1]BackgroundCalcs!$F$29

Sheet Cover
O2: Case Author
B9: Visual Challenge - Junior Varsity Edition | O9: Jack Franken
B11: Case Information | N11: MECC Jobs
B12: This case originally appeared as a part of the MECC Regionals in April 2025. The objective of this case is to model and analyze duck movement across a scene to measure the impact of hunting activity. | N12: MECC sponsors such as Siemens, New York Life, Alvarez & Marsal, and BDO have all hired MECC participants. Will you be next?
B14: About ASUS | N14: Earn MECC Badges
B15: ASUS is a global tech leader known for pushing boundaries with innovative devices, powerful performance, and world-class engineering. The Republic of Gamers (ROG) sub-brand makes the best hardware for PC gaming, eSports, and overclocking, delivering top performance and premium experience. | N15: Completing MECC challenges can earn you a certificate to add to your résumé, showcasing your Excel knowledge. Learn more about the certificates available to earn this season.
G17: #VALUE!
XX1000: 125713

Sheet Case
B2: Microsoft Excel Collegiate Challenge
B4: Duck Hunt - Junior Varsity Edition | L4: Original Case Author
L5: Jack Franken
L7: Case Design Team
L8: David Brown
L9: Eric Kelley
L10: Leo Fernandez
L11: Nora Junaid
B14: Instructions
B15: You are an ornithologist, studying the impact of duck hunting season on the duck population.
B16: You will track ducks as they fly across the 'Scene', determining how successful the duck hunters are during duck season.
B17: All ducks begin outside of the scene, and fly in either from the left or right, flying horizontally in the same row that the duck began.
B20: Bonus Questions
B22: Bonus questions 1,2, 3, and 4 can be completed independent of the Levels. Bonus 5 requires solving Level 7 first.
B24: Game # | C24: Relates to Level # | D24: Points | E24: Answer | G24: Bonus Questions
B25: Bonus 1 | C25: N/A | D25: 30 | E25: =COUNTIF('Scene (Numbered)'!B2:U27,0) -> 40 | G25: How many cloud cells are in the scene? See the legend on the Scene tab.
B26: Bonus 2 | C26: N/A | D26: 40 | E26: 98 | G26: How many cells in the scene are not blue? See the legend on the Scene (Numbered) tab.
B27: Bonus 3 | C27: 7 | D27: 50 | E27: =COUNTIF(J279:J298,1) -> 11 | G27: In Level 7, excluding the example, how many ducks are flying from left-to-right?
B28: Bonus 4 | C28: 3 to 7 | D28: 60 | E28: 26 | G28: Which row appears most often across the data, excluding the examples, given in levels 3 - 7? | O28: {=_xlfn.REGEXEXTRACT(_xlfn.VSTACK(G121:G140,G157:G176,G197:G216,G237:G256,G279:G298),"\d+")} -> 17 | P28: {=_xlfn.GROUPBY(_xlfn.ANCHORARRAY(O28),_xlfn.ANCHORARRAY(O28),_xleta.COUNTA,0,0,-2)} -> 26 | Q28: 9 | S28: {=SUM(--_xlfn.REGEXEXTRACT(_xlfn.VSTACK(G48:G67,G84:G103,G121:G140,G157:G176,G197:G216,G237:G256),"\d+"))} -> 1712
B29: Bonus 5 | C29: 7 | D29: 70 | E29: {=SUM(--_xlfn.REGEXEXTRACT(E279:E298,"\d+"))} -> 271 | G29: What is the sum of the row numbers for the answers, excluding the example, in level 7? | O29: 6 | P29: 12 | Q29: 6
O30: 5 | P30: 17 | Q30: 6
B31: Levels | O31: 11 | P31: 22 | Q31: 6
O32: 26 | P32: 6 | Q32: 6
B33: Level 1 | C33: Easy | D33: Surveying Your Surroundings | O33: 26 | P33: 10 | Q33: 5
O34: 6 | P34: 13 | Q34: 5
B35: Using the "Scene (Numbered)" tab, what is the sum of the color values in the given row? | O35: 16 | P35: 2 | Q35: 5
O36: 21 | P36: 5 | Q36: 5
B37: Example1: There are 19 blue sky cells (value of 1) and 1 white cloud cell (value of 0) in row 13 and 19 x 1 + 1 x 0 = 19. | O37: 18 | P37: 9 | Q37: 5
O38: 10 | P38: 16 | Q38: 4
B39: Answer Hints: | O39: 12 | P39: 21 | Q39: 4
B40: Game 1's answer is between 15 and 20. | O40: 2 | P40: 25 | Q40: 4
B41: Game 2's answer is between 15 and 20. | O41: 5 | P41: 8 | Q41: 4
B42: Game 3's answer is between 20 and 25. | O42: 22 | P42: 11 | Q42: 3
O43: 26 | P43: 14 | Q43: 3
B44: Game | C44: Level | D44: Points | E44: Answer | G44: Row | O44: 14 | P44: 19 | Q44: 3
O45: 13 | P45: 3 | Q45: 3
B46: Example1 | C46: 1 | D46: 0 | E46: 19 | G46: 13 | O46: 13 | P46: 4 | Q46: 3
O47: 2 | P47: 18 | Q47: 2
B48: 1 | C48: 1 | D48: 4 | E48: {=_xlfn.BYROW(_xlfn.CHOOSEROWS(sceneNumbered,G48:G67),_xleta.SUM)} -> 18 | G48: 10 | O48: 23 | P48: 20 | Q48: 2
B49: =B48+1 -> 2 | C49: 1 | D49: 4 | E49: 16 | G49: 18 | O49: 19 | P49: 23 | Q49: 2
B50: =B49+1 -> 3 | C50: 1 | D50: 4 | E50: 24 | G50: 25 | O50: 2 | P50: 24 | Q50: 2
B51: =B50+1 -> 4 | C51: 1 | D51: 4 | E51: 20 | G51: 2 | O51: 22 | P51: 7 | Q51: 2
B52: =B51+1 -> 5 | C52: 1 | D52: 4 | E52: 20 | G52: 15 | O52: 20 | P52: 15 | Q52: 1
B53: =B52+1 -> 6 | C53: 1 | D53: 4 | E53: 19 | G53: 3 | O53: 19
B54: =B53+1 -> 7 | C54: 1 | D54: 4 | E54: 18 | G54: 16 | O54: 7
B55: =B54+1 -> 8 | C55: 1 | D55: 4 | E55: 15 | G55: 4 | O55: 22
B56: =B55+1 -> 9 | C56: 1 | D56: 4 | E56: 16 | G56: 11 | O56: 9
B57: =B56+1 -> 10 | C57: 1 | D57: 4 | E57: 20 | G57: 14 | O57: 10
B58: =B57+1 -> 11 | C58: 1 | D58: 4 | E58: 14 | G58: 5 | O58: 24
B59: =B58+1 -> 12 | C59: 1 | D59: 4 | E59: 20 | G59: 8 | O59: 14
B60: =B59+1 -> 13 | C60: 1 | D60: 4 | E60: 16 | G60: 17 | O60: 17
B61: =B60+1 -> 14 | C61: 1 | D61: 4 | E61: 30 | G61: 23 | O61: 15
B62: =B61+1 -> 15 | C62: 1 | D62: 4 | E62: 16 | G62: 12 | O62: 9
B63: =B62+1 -> 16 | C63: 1 | D63: 4 | E63: 22 | G63: 20 | O63: 4
B64: =B63+1 -> 17 | C64: 1 | D64: 4 | E64: 24 | G64: 26 | O64: 11
... B67: =B66+1 -> 20 | C67: 1 | D67: 4 | E67: 19 | G67: 13 | O67: 12
O68: 10
B69: Level 2 | C69: Easy-Medium | D69: Take In the Colors | O69: 25
O70: 4
B71: Using the "Scene (Numbered)" tab, how many cells of the given color are in the given row? | O71: 19
O72: 26
B73: Example2: There are 11 blue sky cells in row 11. | O73: 3
O74: 17
B75: Answer Hints: | O75: 4
B76: Game 21's answer is between 0 and 5. | O76: 3
B77: Game 22's answer is between 15 and 20. | O77: 16
B78: Game 22's answer is between 15 and 20. | O78: 7
O79: 21
B80: Game | C80: Level | D80: Points | E80: Answer | G80: Row | H80: Color | O80: 8
O81: 6
B82: Example2 | C82: 2 | D82: 0 | E82: 16 | G82: 11 | H82: Blue | O82: 22
O83: 9
B84: 21 | C84: 2 | D84: 6 | E84: {=SUM(--(_xlfn.CHOOSEROWS(sceneNumbered, G84)=_xlfn.XLOOKUP(H84,'Scene (Numbered)'!$X$2:$X$6,'Scene (Numbered)'!$W$2:$W$6,,0,1)))} -> 2 | G84: 10 | H84: White | O84: 12
B85: =B84+1 -> 22 | C85: 2 | D85: 6 | E85: {=SUM(--(_xlfn.CHOOSEROWS(sceneNumbered, G85)=_xlfn.XLOOKUP(H85,'Scene (Numbered)'!$X$2:$X$6,'Scene (Numbered)'!$W$2:$W$6,,0,1)))} -> 16 | G85: 18 | H85: Blue | O85: 25
B86: =B85+1 -> 23 | C86: 2 | D86: 6 | E86: {=SUM(--(_xlfn.CHOOSEROWS(sceneNumbered, G86)=_xlfn.XLOOKUP(H86,'Scene (Numbered)'!$X$2:$X$6,'Scene (Numbered)'!$W$2:$W$6,,0,1)))} -> 15 | G86: 4 | H86: Blue | O86: 20
B87: =B86+1 -> 24 | C87: 2 | D87: 6 | E87: {=SUM(--(_xlfn.CHOOSEROWS(sceneNumbered, G87)=_xlfn.XLOOKUP(H87,'Scene (Numbered)'!$X$2:$X$6,'Scene (Numbered)'!$W$2:$W$6,,0,1)))} -> 20 | G87: 2 | H87: Blue | O87: 13
B88: =B87+1 -> 25 | C88: 2 | D88: 6 | E88: {=SUM(--(_xlfn.CHOOSEROWS(sceneNumbered, G88)=_xlfn.XLOOKUP(H88,'Scene (Numbered)'!$X$2:$X$6,'Scene (Numbered)'!$W$2:$W$6,,0,1)))} -> 0 | G88: 15 | H88: White | O88: 12
B89: =B88+1 -> 26 | C89: 2 | D89: 6 | E89: {=SUM(--(_xlfn.CHOOSEROWS(sceneNumbered, G89)=_xlfn.XLOOKUP(H89,'Scene (Numbered)'!$X$2:$X$6,'Scene (Numbered)'!$W$2:$W$6,,0,1)))} -> 19 | G89: 3 | H89: Blue | O89: 16
B90: =B89+1 -> 27 | C90: 2 | D90: 6 | E90: {=SUM(--(_xlfn.CHOOSEROWS(sceneNumbered, G90)=_xlfn.XLOOKUP(H90,'Scene (Numbered)'!$X$2:$X$6,'Scene (Numbered)'!$W$2:$W$6,,0,1)))} -> 2 | G90: 16 | H90: White | O90: 21
B91: =B90+1 -> 28 | C91: 2 | D91: 6 | E91: {=SUM(--(_xlfn.CHOOSEROWS(sceneNumbered, G91)=_xlfn.XLOOKUP(H91,'Scene (Numbered)'!$X$2:$X$6,'Scene (Numbered)'!$W$2:$W$6,,0,1)))} -> 0 | G91: 2 | H91: Light Green | O91: 6
B92: =B91+1 -> 29 | C92: 2 | D92: 6 | E92: {=SUM(--(_xlfn.CHOOSEROWS(sceneNumbered, G92)=_xlfn.XLOOKUP(H92,'Scene (Numbered)'!$X$2:$X$6,'Scene (Numbered)'!$W$2:$W$6,,0,1)))} -> 19 | G92: 13 | H92: Blue | O92: 26
B93: =B92+1 -> 30 | C93: 2 | D93: 6 | E93: {=SUM(--(_xlfn.CHOOSEROWS(sceneNumbered, G93)=_xlfn.XLOOKUP(H93,'Scene (Numbered)'!$X$2:$X$6,'Scene (Numbered)'!$W$2:$W$6,,0,1)))} -> 20 | G93: 27 | H93: Light Green | O93: 25
B94: =B93+1 -> 31 | C94: 2 | D94: 6 | E94: {=SUM(--(_xlfn.CHOOSEROWS(sceneNumbered, G94)=_xlfn.XLOOKUP(H94,'Scene (Numbered)'!$X$2:$X$6,'Scene (Numbered)'!$W$2:$W$6,,0,1)))} -> 2 | G94: 25 | H94: Brown | O94: 26
B95: =B94+1 -> 32 | C95: 2 | D95: 6 | E95: {=SUM(--(_xlfn.CHOOSEROWS(sceneNumbered, G95)=_xlfn.XLOOKUP(H95,'Scene (Numbered)'!$X$2:$X$6,'Scene (Numbered)'!$W$2:$W$6,,0,1)))} -> 2 | G95: 10 | H95: White | O95: 25
B96: =B95+1 -> 33 | C96: 2 | D96: 6 | E96: {=SUM(--(_xlfn.CHOOSEROWS(sceneNumbered, G96)=_xlfn.XLOOKUP(H96,'Scene (Numbered)'!$X$2:$X$6,'Scene (Numbered)'!$W$2:$W$6,,0,1)))} -> 10 | G96: 24 | H96: Dark Green | O96: 17
... B103: =B102+1 -> 40 | C103: 2 | D103: 6 | E103: {=SUM(--(_xlfn.CHOOSEROWS(sceneNumbered, G103)=_xlfn.XLOOKUP(H103,'Scene (Numbered)'!$X$2:$X$6,'Scene (Numbered)'!$W$2:$W$6,,0,1)))} -> 1 | G103: 13 | H103: White | O103: 3
O104: 9
B105: Level 3 | C105: Medium | D105: Know Your Row | O105: 5
O106: 10
B107: What row is the given starting cell in? | O107: 17
B108: Return the row for the given cell, not the row number within the scene. | O108: 17
O109: 6
B110: Example3: A8 is in row 8. | O110: 5
O111: 11
B112: Answer Hints: | O112: 26
B113: Game 41's answer is between 15 and 20. | O113: 26
B114: Game 42's answer is between 5 and 10. | O114: 6
B115: Game 43's answer is between 5 and 10. | O115: 16
O116: 21
B117: Game | C117: Level | D117: Points | E117: Answer | G117: Starting Cell | O117: 18
...

Sheet Scene
A2: → | V2: ← | W2: Cloud
A3: → | V3: ← | W3: Sky
A4: → | V4: ← | W4: Tree
A5: → | V5: ← | W5: Trunk
A6: → | V6: ← | W6: Grass
A7: → | V7: ←
A8: → | V8: ←
A9: → | V9: ←
A10: → | V10: ←
A11: → | V11: ←
A12: → | V12: ←
A13: → | V13: ←
A14: → | V14: ←
A15: → | V15: ←
A16: → | V16: ←
A17: → | V17: ←
A18: → | V18: ←
... A26: → | V26: ←
XX1000: 125713

Sheet Scene (Numbered)
A2: → | B2: 1 | C2: 1 | D2: 1 | E2: 1 | F2: 1 | G2: 1 | H2: 1 | I2: 1 | J2: 1 | K2: 1 | L2: 1 | M2: 1 | N2: 1 | O2: 1 | P2: 1 | Q2: 1 | R2: 1 | S2: 1 | T2: 1 | U2: 1 | V2: ← | W2: 0 | X2: White
A3: → | B3: 1 | C3: 1 | D3: 0 | E3: 1 | F3: 1 | G3: 1 | H3: 1 | I3: 1 | J3: 1 | K3: 1 | L3: 1 | M3: 1 | N3: 1 | O3: 1 | P3: 1 | Q3: 1 | R3: 1 | S3: 1 | T3: 1 | U3: 1 | V3: ← | W3: 1 | X3: Blue
A4: → | B4: 1 | C4: 0 | D4: 0 | E4: 1 | F4: 1 | G4: 1 | H4: 0 | I4: 1 | J4: 1 | K4: 1 | L4: 1 | M4: 1 | N4: 1 | O4: 1 | P4: 1 | Q4: 1 | R4: 1 | S4: 0 | T4: 0 | U4: 1 | V4: ← | W4: 2 | X4: Dark Green
A5: → | B5: 1 | C5: 0 | D5: 0 | E5: 1 | F5: 1 | G5: 1 | H5: 0 | I5: 0 | J5: 1 | K5: 1 | L5: 1 | M5: 1 | N5: 1 | O5: 1 | P5: 1 | Q5: 1 | R5: 1 | S5: 0 | T5: 0 | U5: 1 | V5: ← | W5: 3 | X5: Brown
A6: → | B6: 1 | C6: 1 | D6: 1 | E6: 1 | F6: 1 | G6: 1 | H6: 0 | I6: 0 | J6: 1 | K6: 1 | L6: 1 | M6: 1 | N6: 1 | O6: 1 | P6: 1 | Q6: 1 | R6: 1 | S6: 0 | T6: 0 | U6: 1 | V6: ← | W6: 4 | X6: Light Green
A7: → | B7: 1 | C7: 1 | D7: 1 | E7: 1 | F7: 1 | G7: 1 | H7: 1 | I7: 1 | J7: 1 | K7: 1 | L7: 1 | M7: 1 | N7: 1 | O7: 1 | P7: 1 | Q7: 1 | R7: 1 | S7: 0 | T7: 1 | U7: 1 | V7: ←
A8: → | B8: 1 | C8: 1 | D8: 1 | E8: 1 | F8: 1 | G8: 1 | H8: 1 | I8: 1 | J8: 1 | K8: 1 | L8: 1 | M8: 1 | N8: 1 | O8: 1 | P8: 1 | Q8: 1 | R8: 1 | S8: 1 | T8: 1 | U8: 1 | V8: ←
A9: → | B9: 1 | C9: 1 | D9: 1 | E9: 1 | F9: 1 | G9: 1 | H9: 1 | I9: 1 | J9: 1 | K9: 1 | L9: 1 | M9: 1 | N9: 1 | O9: 1 | P9: 1 | Q9: 1 | R9: 1 | S9: 1 | T9: 1 | U9: 1 | V9: ← | X9: =COUNTIF(B2:U27,1) -> 422
A10: → | B10: 1 | C10: 1 | D10: 1 | E10: 1 | F10: 1 | G10: 1 | H10: 1 | I10: 1 | J10: 0 | K10: 1 | L10: 1 | M10: 1 | N10: 1 | O10: 0 | P10: 1 | Q10: 1 | R10: 1 | S10: 1 | T10: 1 | U10: 1 | V10: ← | X10: =COUNTA(B2:U27) -> 520
A11: → | B11: 1 | C11: 1 | D11: 1 | E11: 1 | F11: 1 | G11: 1 | H11: 1 | I11: 1 | J11: 0 | K11: 1 | L11: 1 | M11: 1 | N11: 0 | O11: 0 | P11: 0 | Q11: 1 | R11: 1 | S11: 1 | T11: 1 | U11: 1 | V11: ←
A12: → | B12: 1 | C12: 1 | D12: 1 | E12: 1 | F12: 1 | G12: 0 | H12: 1 | I12: 1 | J12: 1 | K12: 1 | L12: 1 | M12: 1 | N12: 0 | O12: 0 | P12: 0 | Q12: 1 | R12: 1 | S12: 1 | T12: 1 | U12: 1 | V12: ← | X12: =X10-X9 -> 98
A13: → | B13: 1 | C13: 1 | D13: 1 | E13: 1 | F13: 1 | G13: 0 | H13: 1 | I13: 1 | J13: 1 | K13: 1 | L13: 1 | M13: 1 | N13: 1 | O13: 1 | P13: 1 | Q13: 1 | R13: 1 | S13: 1 | T13: 1 | U13: 1 | V13: ←
A14: → | B14: 1 | C14: 1 | D14: 1 | E14: 1 | F14: 1 | G14: 1 | H14: 1 | I14: 1 | J14: 1 | K14: 1 | L14: 1 | M14: 1 | N14: 1 | O14: 1 | P14: 1 | Q14: 1 | R14: 1 | S14: 1 | T14: 1 | U14: 1 | V14: ←
A15: → | B15: 1 | C15: 1 | D15: 1 | E15: 1 | F15: 1 | G15: 1 | H15: 1 | I15: 1 | J15: 1 | K15: 1 | L15: 1 | M15: 1 | N15: 1 | O15: 1 | P15: 1 | Q15: 1 | R15: 1 | S15: 1 | T15: 1 | U15: 1 | V15: ←
A16: → | B16: 1 | C16: 1 | D16: 0 | E16: 1 | F16: 1 | G16: 1 | H16: 1 | I16: 0 | J16: 1 | K16: 1 | L16: 1 | M16: 1 | N16: 1 | O16: 1 | P16: 1 | Q16: 1 | R16: 1 | S16: 1 | T16: 1 | U16: 1 | V16: ←
A17: → | B17: 1 | C17: 1 | D17: 0 | E17: 0 | F17: 1 | G17: 1 | H17: 1 | I17: 0 | J17: 1 | K17: 1 | L17: 1 | M17: 1 | N17: 1 | O17: 1 | P17: 1 | Q17: 1 | R17: 1 | S17: 1 | T17: 0 | U17: 1 | V17: ←
A18: → | B18: 1 | C18: 1 | D18: 0 | E18: 0 | F18: 1 | G18: 1 | H18: 1 | I18: 1 | J18: 1 | K18: 1 | L18: 1 | M18: 1 | N18: 1 | O18: 1 | P18: 1 | Q18: 1 | R18: 1 | S18: 0 | T18: 0 | U18: 1 | V18: ←
A19: → | B19: 1 | C19: 1 | D19: 1 | E19: 1 | F19: 1 | G19: 1 | H19: 1 | I19: 1 | J19: 1 | K19: 1 | L19: 1 | M19: 1 | N19: 1 | O19: 1 | P19: 1 | Q19: 1 | R19: 1 | S19: 0 | T19: 0 | U19: 1 | V19: ←
A20: → | B20: 1 | C20: 1 | D20: 1 | E20: 2 | F20: 1 | G20: 1 | H20: 1 | I20: 1 | J20: 1 | K20: 1 | L20: 1 | M20: 1 | N20: 1 | O20: 1 | P20: 2 | Q20: 1 | R20: 1 | S20: 1 | T20: 1 | U20: 1 | V20: ←
A21: → | B21: 1 | C21: 1 | D21: 2 | E21: 2 | F21: 2 | G21: 1 | H21: 1 | I21: 1 | J21: 1 | K21: 1 | L21: 1 | M21: 1 | N21: 1 | O21: 2 | P21: 2 | Q21: 2 | R21: 1 | S21: 1 | T21: 1 | U21: 1 | V21: ←
A22: → | B22: 1 | C22: 1 | D22: 2 | E22: 2 | F22: 2 | G22: 1 | H22: 1 | I22: 1 | J22: 1 | K22: 1 | L22: 1 | M22: 1 | N22: 1 | O22: 2 | P22: 2 | Q22: 2 | R22: 1 | S22: 1 | T22: 1 | U22: 1 | V22: ←
A23: → | B23: 1 | C23: 2 | D23: 2 | E23: 2 | F23: 2 | G23: 2 | H23: 1 | I23: 1 | J23: 1 | K23: 1 | L23: 1 | M23: 1 | N23: 2 | O23: 2 | P23: 2 | Q23: 2 | R23: 2 | S23: 1 | T23: 1 | U23: 1 | V23: ←
A24: → | B24: 1 | C24: 2 | D24: 2 | E24: 2 | F24: 2 | G24: 2 | H24: 1 | I24: 1 | J24: 1 | K24: 1 | L24: 1 | M24: 1 | N24: 2 | O24: 2 | P24: 2 | Q24: 2 | R24: 2 | S24: 1 | T24: 1 | U24: 1 | V24: ←
... A26: → | B26: 1 | C26: 1 | D26: 1 | E26: 3 | F26: 1 | G26: 1 | H26: 1 | I26: 1 | J26: 1 | K26: 1 | L26: 1 | M26: 1 | N26: 1 | O26: 1 | P26: 3 | Q26: 1 | R26: 1 | S26: 1 | T26: 1 | U26: 1 | V26: ←
B27: 4 | C27: 4 | D27: 4 | E27: 4 | F27: 4 | G27: 4 | H27: 4 | I27: 4 | J27: 4 | K27: 4 | L27: 4 | M27: 4 | N27: 4 | O27: 4 | P27: 4 | Q27: 4 | R27: 4 | S27: 4 | T27: 4 | U27: 4
XX1000: 125713

Sheet Graded Answers
B1: Your Answers
B2: Game # | C2: Answer | D2: Points
B3: Bonus 1 | C3: =IF(ISBLANK(Case!E25),"",Case!E25) -> 40 | D3: 30
B4: Bonus 2 | C4: =IF(ISBLANK(Case!E26),"",Case!E26) -> 98 | D4: 40
B5: Bonus 3 | C5: =IF(ISBLANK(Case!E27),"",Case!E27) -> 11 | D5: 50
B6: Bonus 4 | C6: =IF(ISBLANK(Case!E28),"",Case!E28) -> 26 | D6: 60
B7: Bonus 5 | C7: =IF(ISBLANK(Case!E29),"",Case!E29) -> 271 | D7: 70
B8: 1 | C8: =IF(ISBLANK(Case!E48),"",Case!E48) -> 18 | D8: 4
B9: =B8+1 -> 2 | C9: =IF(ISBLANK(Case!E49),"",Case!E49) -> 16 | D9: 4
B10: =B9+1 -> 3 | C10: =IF(ISBLANK(Case!E50),"",Case!E50) -> 24 | D10: 4
B11: =B10+1 -> 4 | C11: =IF(ISBLANK(Case!E51),"",Case!E51) -> 20 | D11: 4
B12: =B11+1 -> 5 | C12: =IF(ISBLANK(Case!E52),"",Case!E52) -> 20 | D12: 4
B13: =B12+1 -> 6 | C13: =IF(ISBLANK(Case!E53),"",Case!E53) -> 19 | D13: 4
B14: =B13+1 -> 7 | C14: =IF(ISBLANK(Case!E54),"",Case!E54) -> 18 | D14: 4
B15: =B14+1 -> 8 | C15: =IF(ISBLANK(Case!E55),"",Case!E55) -> 15 | D15: 4
B16: =B15+1 -> 9 | C16: =IF(ISBLANK(Case!E56),"",Case!E56) -> 16 | D16: 4
B17: =B16+1 -> 10 | C17: =IF(ISBLANK(Case!E57),"",Case!E57) -> 20 | D17: 4
B18: =B17+1 -> 11 | C18: =IF(ISBLANK(Case!E58),"",Case!E58) -> 14 | D18: 4
B19: =B18+1 -> 12 | C19: =IF(ISBLANK(Case!E59),"",Case!E59) -> 20 | D19: 4
B20: =B19+1 -> 13 | C20: =IF(ISBLANK(Case!E60),"",Case!E60) -> 16 | D20: 4
... B27: =B26+1 -> 20 | C27: =IF(ISBLANK(Case!E67),"",Case!E67) -> 19 | D27: 4
B28: =B27+1 -> 21 | C28: =IF(ISBLANK(Case!E84),"",Case!E84) -> 2 | D28: 6
B29: =B28+1 -> 22 | C29: =IF(ISBLANK(Case!E85),"",Case!E85) -> 16 | D29: 6
B30: =B29+1 -> 23 | C30: =IF(ISBLANK(Case!E86),"",Case!E86) -> 15 | D30: 6
B31: =B30+1 -> 24 | C31: =IF(ISBLANK(Case!E87),"",Case!E87) -> 20 | D31: 6
B32: =B31+1 -> 25 | C32: =IF(ISBLANK(Case!E88),"",Case!E88) -> 0 | D32: 6
B33: =B32+1 -> 26 | C33: =IF(ISBLANK(Case!E89),"",Case!E89) -> 19 | D33: 6
B34: =B33+1 -> 27 | C34: =IF(ISBLANK(Case!E90),"",Case!E90) -> 2 | D34: 6
B35: =B34+1 -> 28 | C35: =IF(ISBLANK(Case!E91),"",Case!E91) -> 0 | D35: 6
B36: =B35+1 -> 29 | C36: =IF(ISBLANK(Case!E92),"",Case!E92) -> 19 | D36: 6
B37: =B36+1 -> 30 | C37: =IF(ISBLANK(Case!E93),"",Case!E93) -> 20 | D37: 6
B38: =B37+1 -> 31 | C38: =IF(ISBLANK(Case!E94),"",Case!E94) -> 2 | D38: 6
B39: =B38+1 -> 32 | C39: =IF(ISBLANK(Case!E95),"",Case!E95) -> 2 | D39: 6
... B47: =B46+1 -> 40 | C47: =IF(ISBLANK(Case!E103),"",Case!E103) -> 1 | D47: 6
B48: =B47+1 -> 41 | C48: =IF(ISBLANK(Case!E121),"",Case!E121) -> 17 | D48: 7
B49: =B48+1 -> 42 | C49: =IF(ISBLANK(Case!E122),"",Case!E122) -> 6 | D49: 7
B50: =B49+1 -> 43 | C50: =IF(ISBLANK(Case!E123),"",Case!E123) -> 5 | D50: 7
B51: =B50+1 -> 44 | C51: =IF(ISBLANK(Case!E124),"",Case!E124) -> 11 | D51: 7
B52: =B51+1 -> 45 | C52: =IF(ISBLANK(Case!E125),"",Case!E125) -> 26 | D52: 7
B53: =B52+1 -> 46 | C53: =IF(ISBLANK(Case!E126),"",Case!E126) -> 26 | D53: 7
B54: =B53+1 -> 47 | C54: =IF(ISBLANK(Case!E127),"",Case!E127) -> 6 | D54: 7
B55: =B54+1 -> 48 | C55: =IF(ISBLANK(Case!E128),"",Case!E128) -> 16 | D55: 7
B56: =B55+1 -> 49 | C56: =IF(ISBLANK(Case!E129),"",Case!E129) -> 21 | D56: 7
B57: =B56+1 -> 50 | C57: =IF(ISBLANK(Case!E130),"",Case!E130) -> 18 | D57: 7
B58: =B57+1 -> 51 | C58: =IF(ISBLANK(Case!E131),"",Case!E131) -> 10 | D58: 7
B59: =B58+1 -> 52 | C59: =IF(ISBLANK(Case!E132),"",Case!E132) -> 12 | D59: 7
... B67: =B66+1 -> 60 | C67: =IF(ISBLANK(Case!E140),"",Case!E140) -> 2 | D67: 7
B68: =B67+1 -> 61 | C68: =IF(ISBLANK(Case!E157),"",Case!E157) -> 3 | D68: 7
B69: =B68+1 -> 62 | C69: =IF(ISBLANK(Case!E158),"",Case!E158) -> 14 | D69: 7
B70: =B69+1 -> 63 | C70: =IF(ISBLANK(Case!E159),"",Case!E159) -> 2 | D70: 7
B71: =B70+1 -> 64 | C71: =IF(ISBLANK(Case!E160),"",Case!E160) -> 21 | D71: 7
B72: =B71+1 -> 65 | C72: =IF(ISBLANK(Case!E161),"",Case!E161) -> 12 | D72: 7
B73: =B72+1 -> 66 | C73: =IF(ISBLANK(Case!E162),"",Case!E162) -> 21 | D73: 7
B74: =B73+1 -> 67 | C74: =IF(ISBLANK(Case!E163),"",Case!E163) -> 16 | D74: 7
B75: =B74+1 -> 68 | C75: =IF(ISBLANK(Case!E164),"",Case!E164) -> 16 | D75: 7
B76: =B75+1 -> 69 | C76: =IF(ISBLANK(Case!E165),"",Case!E165) -> 13 | D76: 7
B77: =B76+1 -> 70 | C77: =IF(ISBLANK(Case!E166),"",Case!E166) -> 19 | D77: 7
B78: =B77+1 -> 71 | C78: =IF(ISBLANK(Case!E167),"",Case!E167) -> 15 | D78: 7
B79: =B78+1 -> 72 | C79: =IF(ISBLANK(Case!E168),"",Case!E168) -> 2 | D79: 7
... B87: =B86+1 -> 80 | C87: =IF(ISBLANK(Case!E176),"",Case!E176) -> 19 | D87: 7
B88: =B87+1 -> 81 | C88: =IF(ISBLANK(Case!E197),"",Case!E197) -> K10 | D88: 8
B89: =B88+1 -> 82 | C89: =IF(ISBLANK(Case!E198),"",Case!E198) -> S25 | D89: 8
B90: =B89+1 -> 83 | C90: =IF(ISBLANK(Case!E199),"",Case!E199) -> E4 | D90: 8
B91: =B90+1 -> 84 | C91: =IF(ISBLANK(Case!E200),"",Case!E200) -> C19 | D91: 8
B92: =B91+1 -> 85 | C92: =IF(ISBLANK(Case!E201),"",Case!E201) -> P26 | D92: 8
B93: =B92+1 -> 86 | C93: =IF(ISBLANK(Case!E202),"",Case!E202) -> C3 | D93: 8
B94: =B93+1 -> 87 | C94: =IF(ISBLANK(Case!E203),"",Case!E203) -> Q17 | D94: 8
B95: =B94+1 -> 88 | C95: =IF(ISBLANK(Case!E204),"",Case!E204) -> C4 | D95: 8
B96: =B95+1 -> 89 | C96: =IF(ISBLANK(Case!E205),"",Case!E205) -> L3 | D96: 8
B97: =B96+1 -> 90 | C97: =IF(ISBLANK(Case!E206),"",Case!E206) -> O16 | D97: 8
B98: =B97+1 -> 91 | C98: =IF(ISBLANK(Case!E207),"",Case!E207) -> D7 | D98: 8
B99: =B98+1 -> 92 | C99: =IF(ISBLANK(Case!E208),"",Case!E208) -> I21 | D99: 8
... B107: =B106+1 -> 100 | C107: =IF(ISBLANK(Case!E216),"",Case!E216) -> N13 | D107: 8
B108: =B107+1 -> 101 | C108: =IF(ISBLANK(Case!E237),"",Case!E237) -> D12 | D108: 8
B109: =B108+1 -> 102 | C109: =IF(ISBLANK(Case!E238),"",Case!E238) -> G16 | D109: 8
B110: =B109+1 -> 103 | C110: =IF(ISBLANK(Case!E239),"",Case!E239) -> O21 | D110: 8
B111: =B110+1 -> 104 | C111: =IF(ISBLANK(Case!E240),"",Case!E240) -> L6 | D111: 8
B112: =B111+1 -> 105 | C112: =IF(ISBLANK(Case!E241),"",Case!E241) -> Q26 | D112: 8
B113: =B112+1 -> 106 | C113: =IF(ISBLANK(Case!E242),"",Case!E242) -> F25 | D113: 8
B114: =B113+1 -> 107 | C114: =IF(ISBLANK(Case!E243),"",Case!E243) -> M26 | D114: 8
B115: =B114+1 -> 108 | C115: =IF(ISBLANK(Case!E244),"",Case!E244) -> F25 | D115: 8
B116: =B115+1 -> 109 | C116: =IF(ISBLANK(Case!E245),"",Case!E245) -> B17 | D116: 8
B117: =B116+1 -> 110 | C117: =IF(ISBLANK(Case!E246),"",Case!E246) -> D8 | D117: 8
B118: =B117+1 -> 111 | C118: =IF(ISBLANK(Case!E247),"",Case!E247) -> N9 | D118: 8
B119: =B118+1 -> 112 | C119: =IF(ISBLANK(Case!E248),"",Case!E248) -> R8 | D119: 8
... B127: =B126+1 -> 120 | C127: =IF(ISBLANK(Case!E256),"",Case!E256) -> S17 | D127: 8
B128: =B127+1 -> 121 | C128: =IF(ISBLANK(Case!E279),"",Case!E279) -> G17 | D128: 10
B129: =B128+1 -> 122 | C129: =IF(ISBLANK(Case!E280),"",Case!E280) -> S6 | D129: 10
B130: =B129+1 -> 123 | C130: =IF(ISBLANK(Case!E281),"",Case!E281) -> J5 | D130: 10
B131: =B130+1 -> 124 | C131: =IF(ISBLANK(Case!E282),"",Case!E282) -> E11 | D131: 10
B132: =B131+1 -> 125 | C132: =IF(ISBLANK(Case!E283),"",Case!E283) -> F26 | D132: 10
B133: =B132+1 -> 126 | C133: =IF(ISBLANK(Case!E284),"",Case!E284) -> H26 | D133: 10
B134: =B133+1 -> 127 | C134: =IF(ISBLANK(Case!E285),"",Case!E285) -> K6 | D134: 10
B135: =B134+1 -> 128 | C135: =IF(ISBLANK(Case!E286),"",Case!E286) -> O16 | D135: 10
B136: =B135+1 -> 129 | C136: =IF(ISBLANK(Case!E287),"",Case!E287) -> N21 | D136: 10
B137: =B136+1 -> 130 | C137: =IF(ISBLANK(Case!E288),"",Case!E288) -> R18 | D137: 10
B138: =B137+1 -> 131 | C138: =IF(ISBLANK(Case!E289),"",Case!E289) -> D10 | D138: 10
B139: =B138+1 -> 132 | C139: =IF(ISBLANK(Case!E290),"",Case!E290) -> P12 | D139: 10
... B147: =B146+1 -> 140 | C147: =IF(ISBLANK(Case!E298),"",Case!E298) -> M2 | D147: 10
