Workbook

Sheet Case
B2: Microsoft Excel Collegiate Challenge 2026
B4: This Spreadsheet is a Nightmare - MECC Junior Varsity Edition | T4: Case Author
T5: Harry Seiders
B14: Instructions
B15: You thought it would be a good idea to sit back and watch the Excel championship while eating pizza, ice cream, and ghost peppers.
B16: That crazy combination has lead you here into a waking nightmare, a spread sheet file with all kinds of frightful problems.
B19: Bonus Questions
B21: To make the game more exciting, we have created 5 bonus questions for you. These questions can be answered at any time during the game.
B23: Game # | C23: Relates to Level # | D23: Points | E23: Answer | G23: Question
B24: Bonus 1 | C24: 1 | D24: 30 | E24: {=MAX(LEN(E49:E68))} -> 8 | G24: In Level 1, excluding the example, how many characters is the longest answer?
B25: Bonus 2 | C25: 2 | D25: 40 | E25: =MAX(G88:AT107) + LARGE(G88:AT107, 2) -> 199601 | G25: In Level 2, excluding the example, among the 20x40 Sets of Numbers, what is the sum of the two largest individual numbers?
B26: Bonus 3 | C26: 4 | D26: 50 | E26: 96 | G26: In Level 4, excluding the example, how many times does the most frequently appearing emoji appear within the 20x40 set of emojis? Exclude the 20 Emojis of Interest from the count.
B27: Bonus 4 | C27: 1 | D27: 60 | E27: 12 | G27: In Level 1, excluding the example, how many times does the most frequently appearing letter appear in the answers?
B28: Bonus 5 | C28: 5 | D28: 70 | E28: =SUM(AV212:AV231) -> 152 | G28: In Level 5, excluding the example, how many times does an emoji appear directly after a semi-colon? E.g., ";👽". Important Note: Each emoji has a length of 2 characters.
B30: Questions
B32: Level 1 | C32: Easy
B34: Dreams and nightmares can have hidden messages.
B35: Remove the unwanted character to reveal the hidden word. Pay attention to which cell the word is located in.
B36: Hint: Consider using the SUBSTITUTE function.
B38: Example1: Removing the character ^ reveals the word COUNTIFS.
B40: Answer Hints:
B41: Game 1's answer starts with a T.
B42: Game 2's answer starts with an I.
B43: Game 3's answer starts with a C.
B45: Game # | C45: Level | D45: Points | E45: Answer | G45: Word | L45: Unwanted Character
B47: Example1 | C47: 1 | D47: 0 | E47: COUNTIFS | G47: ^C^^^O^^^U^^^N^^^T^^^I^^^F^^^S^ | L47: ^
B49: 1 | C49: 1 | D49: 4 | E49: =SUBSTITUTE(G49,L49, "") -> TEXTJOIN | G49: )T)))E)))X)))T)))J)))O)))I)))N) | L49: ) | P49: =_xlfn.CONCAT(E49:E68) -> TEXTJOININDEXCONCATINDEXCOUNTAIFSLENIFERRORMINIFSSUMIFSEOMONTHVLOOKUPMATCHINDIRECTAVERAGEMAXIFSTABLEXLOOKUPDATETEXT
B50: 2 | C50: 1 | D50: 4 | E50: =SUBSTITUTE(G50,L50, "") -> INDEX | G50: (I(((N(((D(((E(((X( | L50: (
B51: 3 | C51: 1 | D51: 4 | E51: =SUBSTITUTE(G51,L51, "") -> CONCAT | G51: *C***O***N***C***A***T* | L51: * | P51: {=MID(P49,_xlfn.SEQUENCE(1,LEN(P49)),1)} -> T | Q51: E | R51: X | S51: T | T51: J | U51: O | V51: I | W51: N | X51: I | Y51: N | Z51: D | AA51: E | AB51: X | AC51: C | AD51: O | AE51: N | AF51: C | AG51: A | AH51: T | AI51: I | AJ51: N | AK51: D | AL51: E | AM51: X | AN51: C | AO51: O | AP51: U | AQ51: N | AR51: T | AS51: A | AT51: I | AU51: F | AV51: S | AW51: L | AX51: E | AY51: N | AZ51: I | BA51: F | BB51: E | BC51: R | BD51: R | BE51: O | BF51: R | BG51: M | BH51: I | BI51: N | BJ51: I | BK51: F | BL51: S | BM51: S | BN51: U | BO51: M | BP51: I | BQ51: F | BR51: S | BS51: E | BT51: O | BU51: M | BV51: O | BW51: N | BX51: T | BY51: H | BZ51: V | CA51: L | CB51: O | CC51: O | CD51: K | CE51: U | CF51: P | CG51: M | CH51: A | CI51: T | CJ51: C | CK51: H | CL51: I | CM51: N | CN51: D | CO51: I | CP51: R | CQ51: E | CR51: C | CS51: T | CT51: A | CU51: V | CV51: E | CW51: R | CX51: A | CY51: G | CZ51: E | DA51: M | DB51: A | DC51: X | DD51: I | DE51: F | DF51: S | DG51: T | DH51: A | DI51: B | DJ51: L | DK51: E | DL51: X | DM51: L | DN51: O | DO51: O | DP51: K | DQ51: U | DR51: P | DS51: D | DT51: A | DU51: T | DV51: E | DW51: T | DX51: E | DY51: X | DZ51: T
B52: 4 | C52: 1 | D52: 4 | E52: =SUBSTITUTE(G52,L52, "") -> INDEX | G52: &I&&&N&&&D&&&E&&&X& | L52: &
B53: 5 | C53: 1 | D53: 4 | E53: =SUBSTITUTE(G53,L53, "") -> COUNTA | G53: ^C^^^O^^^U^^^N^^^T^^^A^ | L53: ^ | P53: {=_xlfn.UNIQUE(_xlfn.ANCHORARRAY(P51),1)} -> T | Q53: E | R53: X | S53: J | T53: O | U53: I | V53: N | W53: D | X53: C | Y53: A | Z53: U | AA53: F | AB53: S | AC53: L | AD53: R | AE53: M | AF53: H | AG53: V | AH53: K | AI53: P | AJ53: G | AK53: B
B54: 6 | C54: 1 | D54: 4 | E54: =SUBSTITUTE(G54,L54, "") -> IFS | G54: %I%%%F%%%S% | L54: % | P54: {=COUNTIF(_xlfn.ANCHORARRAY(P51),_xlfn.ANCHORARRAY(P53))} -> 11 | Q54: 12 | R54: 6 | S54: 1 | T54: 10 | U54: 11 | V54: 9 | W54: 4 | X54: 5 | Y54: 8 | Z54: 4 | AA54: 5 | AB54: 5 | AC54: 4 | AD54: 5 | AE54: 5 | AF54: 2 | AG54: 2 | AH54: 2 | AI54: 2 | AJ54: 1 | AK54: 1
B55: 7 | C55: 1 | D55: 4 | E55: =SUBSTITUTE(G55,L55, "") -> LEN | G55: $L$$$E$$$N$ | L55: $
B56: 8 | C56: 1 | D56: 4 | E56: =SUBSTITUTE(G56,L56, "") -> IFERROR | G56: #I###F###E###R###R###O###R# | L56: # | P56: =MAX(_xlfn.ANCHORARRAY(P54)) -> 12
B57: 9 | C57: 1 | D57: 4 | E57: =SUBSTITUTE(G57,L57, "") -> MINIFS | G57: @M@@@I@@@N@@@I@@@F@@@S@ | L57: @
B58: 10 | C58: 1 | D58: 4 | E58: =SUBSTITUTE(G58,L58, "") -> SUMIFS | G58: #S###U###M###I###F###S# | L58: #
B59: 11 | C59: 1 | D59: 4 | E59: =SUBSTITUTE(G59,L59, "") -> EOMONTH | G59: !E!!!O!!!M!!!O!!!N!!!T!!!H! | L59: !
B60: 12 | C60: 1 | D60: 4 | E60: =SUBSTITUTE(G60,L60, "") -> VLOOKUP | G60: >V>>>L>>>O>>>O>>>K>>>U>>>P> | L60: >
B61: 13 | C61: 1 | D61: 4 | E61: =SUBSTITUTE(G61,L61, "") -> MATCH | G61: ?M???A???T???C???H? | L61: ?
B62: 14 | C62: 1 | D62: 4 | E62: =SUBSTITUTE(G62,L62, "") -> INDIRECT | G62: ;I;;;N;;;D;;;I;;;R;;;E;;;C;;;T; | L62: ;
B63: 15 | C63: 1 | D63: 4 | E63: =SUBSTITUTE(G63,L63, "") -> AVERAGE | G63: :A:::V:::E:::R:::A:::G:::E: | L63: :
B64: 16 | C64: 1 | D64: 4 | E64: =SUBSTITUTE(G64,L64, "") -> MAXIFS | G64: {M{{{A{{{X{{{I{{{F{{{S{ | L64: {
B65: 17 | C65: 1 | D65: 4 | E65: =SUBSTITUTE(G65,L65, "") -> TABLE | G65: }T}}}A}}}B}}}L}}}E} | L65: }
B66: 18 | C66: 1 | D66: 4 | E66: =SUBSTITUTE(G66,L66, "") -> XLOOKUP | G66: -X---L---O---O---K---U---P- | L66: -
B67: 19 | C67: 1 | D67: 4 | E67: =SUBSTITUTE(G67,L67, "") -> DATE | G67: +D+++A+++T+++E+ | L67: +
B68: 20 | C68: 1 | D68: 4 | E68: =SUBSTITUTE(G68,L68, "") -> TEXT | G68: =T===E===X===T= | L68: =
B71: Level 2 | C71: Easy
B73: A goblin is playing tricks, inserting blank cells in our sets of numbers. Each set has 40 cells.
B74: Count the number of non-blank cells in each Set of Numbers.
B75: Hint: The COUNT function might come in handy.
B77: Example2: Cells 2, 7, 8, 9, 10, 11, 18, 22, and 36 are blank. A total of 9 blank cells. 40 cells - 9 blanks = 31.
B79: Answer Hints:
B80: Game 21's answer is between 30 and 33, inclusive.
B81: Game 22's answer is between 24 and 27, inclusive.
B82: Game 23's answer is between 20 and 23, inclusive.
B84: Game # | C84: Level | D84: Points | E84: Answer | G84: 1 | H84: 2 | I84: 3 | J84: 4 | K84: 5 | L84: 6 | M84: 7 | N84: 8 | O84: 9 | P84: 10 | Q84: 11 | R84: 12 | S84: 13 | T84: 14 | U84: 15 | V84: 16 | W84: 17 | X84: 18 | Y84: 19 | Z84: 20 | AA84: 21 | AB84: 22 | AC84: 23 | AD84: 24 | AE84: 25 | AF84: 26 | AG84: 27 | AH84: 28 | AI84: 29 | AJ84: 30 | AK84: 31 | AL84: 32 | AM84: 33 | AN84: 34 | AO84: 35 | AP84: 36 | AQ84: 37 | AR84: 38 | AS84: 39 | AT84: 40
B86: Example2 | C86: 2 | D86: 0 | E86: 31 | G86: 8983 | I86: 8161 | J86: 43960 | K86: 2112 | L86: 1221 | R86: 69 | S86: 164 | T86: 9005 | U86: 8371 | V86: 905 | W86: 90671 | Y86: 5601 | Z86: 928 | AA86: 1519 | AC86: 5217 | AD86: 983 | AE86: 292 | AF86: 6335 | AG86: 42600 | AH86: 88791 | AI86: 64266 | AJ86: 58934 | AK86: 39119 | AL86: 809 | AM86: 53212 | AN86: 70412 | AO86: 488 | AQ86: 3878 | AR86: 7994 | AS86: 8244 | AT86: 947
B88: 21 | C88: 2 | D88: 6 | E88: {=SUM(--(G88:AT88<>""))} -> 33 | G88: 7897 | H88: 5249 | I88: 885 | J88: 51898 | K88: 71570 | L88: 1272 | M88: 596 | N88: 2536 | O88: 5438 | P88: 285 | Q88: 1784 | R88: 7449 | S88: 90250 | T88: 742 | U88: 6720 | V88: 24850 | W88: 816 | X88: 9942 | Y88: 83358 | Z88: 75394 | AB88: 5078 | AD88: 99996 | AE88: 9841 | AF88: 908 | AH88: 39245 | AI88: 5504 | AL88: 5545 | AN88: 19759 | AO88: 2948 | AQ88: 494 | AR88: 322 | AS88: 998 | AT88: 6045
B89: 22 | C89: 2 | D89: 6 | E89: {=SUM(--(G89:AT89<>""))} -> 26 | G89: 74600 | H89: 69539 | I89: 221 | J89: 6994 | L89: 34491 | M89: 4473 | N89: 6954 | O89: 5156 | R89: 26 | S89: 6200 | T89: 7967 | U89: 81103 | V89: 3735 | Y89: 68863 | Z89: 6190 | AA89: 917 | AB89: 234 | AF89: 674 | AH89: 1805 | AI89: 14927 | AJ89: 7817 | AK89: 960 | AL89: 97967 | AN89: 80 | AR89: 1531 | AT89: 2128
B90: 23 | C90: 2 | D90: 6 | E90: {=SUM(--(G90:AT90<>""))} -> 23 | G90: 2050 | I90: 56610 | J90: 681 | M90: 790 | N90: 54901 | O90: 10700 | P90: 74158 | R90: 8575 | S90: 46965 | U90: 524 | W90: 78590 | AA90: 7112 | AB90: 205 | AD90: 26740 | AE90: 6867 | AG90: 6444 | AH90: 463 | AK90: 527 | AM90: 185 | AO90: 8731 | AQ90: 45853 | AS90: 137 | AT90: 4170
B91: 24 | C91: 2 | D91: 6 | E91: {=SUM(--(G91:AT91<>""))} -> 34 | G91: 121 | H91: 40320 | J91: 9714 | K91: 19985 | L91: 557 | M91: 9658 | N91: 64030 | O91: 569 | Q91: 1816 | R91: 2924 | T91: 540 | U91: 1481 | V91: 52733 | W91: 9339 | X91: 5140 | Y91: 3716 | Z91: 7582 | AA91: 7000 | AB91: 918 | AD91: 6640 | AF91: 76050 | AG91: 8941 | AH91: 9986 | AI91: 6299 | AJ91: 2512 | AK91: 543 | AM91: 8394 | AN91: 48356 | AO91: 251 | AP91: 839 | AQ91: 85032 | AR91: 76548 | AS91: 1524 | AT91: 376
B92: 25 | C92: 2 | D92: 6 | E92: {=SUM(--(G92:AT92<>""))} -> 28 | G92: 9860 | H92: 112 | I92: 681 | L92: 7746 | N92: 4667 | O92: 282 | P92: 808 | Q92: 8711 | R92: 57849 | T92: 625 | U92: 704 | W92: 7907 | X92: 9226 | Z92: 11050 | AA92: 32098 | AB92: 503 | AD92: 818 | AE92: 39928 | AG92: 195 | AH92: 51780 | AI92: 810 | AJ92: 7357 | AL92: 5197 | AM92: 4644 | AP92: 73791 | AQ92: 99605 | AS92: 657 | AT92: 468
B93: 26 | C93: 2 | D93: 6 | E93: {=SUM(--(G93:AT93<>""))} -> 29 | G93: 72872 | H93: 3775 | I93: 4080 | J93: 5224 | L93: 9630 | M93: 4963 | N93: 99183 | O93: 2976 | P93: 7310 | Q93: 670 | R93: 6540 | U93: 10978 | V93: 9379 | W93: 973 | X93: 9499 | Y93: 65059 | Z93: 5390 | AA93: 7313 | AG93: 369 | AH93: 932 | AI93: 38513 | AJ93: 8732 | AL93: 8309 | AM93: 454 | AN93: 3869 | AP93: 4202 | AQ93: 5398 | AS93: 809 | AT93: 8946
B94: 27 | C94: 2 | D94: 6 | E94: {=SUM(--(G94:AT94<>""))} -> 29 | G94: 11938 | J94: 226 | K94: 238 | L94: 774 | N94: 7791 | O94: 12788 | R94: 4781 | S94: 333 | T94: 158 | U94: 75017 | Y94: 518 | Z94: 47250 | AA94: 88 | AB94: 54669 | AD94: 79986 | AE94: 9404 | AF94: 641 | AH94: 6600 | AI94: 65 | AJ94: 293 | AK94: 2890 | AL94: 7083 | AM94: 78836 | AN94: 11594 | AO94: 3362 | AQ94: 4090 | AR94: 4060 | AS94: 84880 | AT94: 20067
B95: 28 | C95: 2 | D95: 6 | E95: {=SUM(--(G95:AT95<>""))} -> 27 | G95: 84953 | H95: 570 | I95: 4539 | J95: 4535 | K95: 45423 | L95: 7851 | M95: 7352 | N95: 9948 | O95: 70 | P95: 305 | Q95: 1346 | T95: 30 | V95: 9352 | Y95: 340 | AA95: 4977 | AB95: 41849 | AC95: 6358 | AE95: 468 | AF95: 154 | AG95: 41437 | AH95: 29412 | AI95: 8048 | AL95: 3347 | AM95: 37690 | AP95: 29753 | AR95: 301 | AT95: 851
B96: 29 | C96: 2 | D96: 6 | E96: {=SUM(--(G96:AT96<>""))} -> 28 | G96: 2399 | H96: 3021 | J96: 298 | L96: 5398 | M96: 38465 | N96: 21783 | P96: 4693 | Q96: 1861 | R96: 577 | T96: 49945 | U96: 4891 | W96: 708 | Y96: 2131 | AA96: 613 | AB96: 570 | AC96: 64809 | AE96: 21143 | AF96: 252 | AG96: 6835 | AI96: 46362 | AJ96: 19270 | AL96: 410 | AM96: 3888 | AN96: 6485 | AO96: 58988 | AP96: 317 | AS96: 87629 | AT96: 510
B97: 30 | C97: 2 | D97: 6 | E97: {=SUM(--(G97:AT97<>""))} -> 32 | G97: 1781 | J97: 61879 | K97: 895 | L97: 1667 | N97: 3647 | O97: 3681 | P97: 60341 | Q97: 241 | S97: 31108 | T97: 1813 | U97: 59667 | V97: 290 | W97: 596 | X97: 58671 | Z97: 240 | AB97: 412 | AC97: 5964 | AD97: 73051 | AE97: 211 | AF97: 37111 | AH97: 613 | AI97: 38540 | AJ97: 258 | AK97: 57747 | AL97: 559 | AM97: 484 | AN97: 9154 | AO97: 7896 | AP97: 928 | AR97: 139 | AS97: 7734 | AT97: 38004
B98: 31 | C98: 2 | D98: 6 | E98: {=SUM(--(G98:AT98<>""))} -> 31 | G98: 24234 | H98: 603 | I98: 3264 | J98: 706 | K98: 141 | L98: 196 | M98: 34241 | N98: 2488 | Q98: 81089 | R98: 828 | T98: 14351 | U98: 96499 | V98: 553 | W98: 82165 | Y98: 262 | Z98: 311 | AA98: 7515 | AB98: 7694 | AF98: 4005 | AG98: 4507 | AH98: 373 | AI98: 343 | AJ98: 81423 | AK98: 64197 | AL98: 2959 | AM98: 5747 | AN98: 59527 | AQ98: 22984 | AR98: 6179 | AS98: 78155 | AT98: 3161
B99: 32 | C99: 2 | D99: 6 | E99: {=SUM(--(G99:AT99<>""))} -> 31 | G99: 8585 | H99: 66851 | I99: 3282 | L99: 43514 | M99: 2127 | N99: 7352 | O99: 84679 | P99: 636 | Q99: 24537 | T99: 997 | U99: 892 | V99: 32107 | W99: 4648 | X99: 915 | AA99: 968 | AB99: 51794 | AC99: 42934 | AD99: 60256 | AE99: 324 | AH99: 656 | AI99: 8848 | AJ99: 46142 | AK99: 13 | AL99: 1984 | AN99: 74117 | AO99: 75418 | AP99: 769 | AQ99: 73833 | AR99: 95438 | AS99: 8866 | AT99: 54488
B100: 33 | C100: 2 | D100: 6 | E100: {=SUM(--(G100:AT100<>""))} -> 34 | G100: 7641 | I100: 290 | J100: 412 | K100: 98 | L100: 5140 | M100: 4249 | N100: 5175 | Q100: 88119 | R100: 5151 | S100: 3930 | T100: 49059 | U100: 88947 | V100: 253 | W100: 6838 | X100: 367 | Z100: 2978 | AA100: 78 | AB100: 5884 | AC100: 788 | AD100: 79345 | AE100: 476 | AF100: 292 | AH100: 146 | AI100: 31447 | AJ100: 88277 | AK100: 603 | AM100: 90387 | AN100: 580 | AO100: 9850 | AP100: 7162 | AQ100: 77910 | AR100: 524 | AS100: 5404 | AT100: 6525
B101: 34 | C101: 2 | D101: 6 | E101: {=SUM(--(G101:AT101<>""))} -> 32 | G101: 43 | H101: 1301 | I101: 199 | J101: 3033 | K101: 60157 | M101: 4385 | N101: 931 | O101: 7712 | P101: 524 | Q101: 42247 | R101: 1090 | S101: 41617 | T101: 630 | U101: 874 | V101: 96345 | W101: 5113 | X101: 812 | Y101: 79686 | Z101: 14530 | AB101: 38217 | AD101: 349 | AF101: 3213 | AG101: 5271 | AH101: 4776 | AI101: 70314 | AJ101: 466 | AK101: 74985 | AL101: 135 | AP101: 30778 | AQ101: 635 | AS101: 39227 | AT101: 117
B102: 35 | C102: 2 | D102: 6 | E102: {=SUM(--(G102:AT102<>""))} -> 29 | G102: 137 | H102: 42895 | J102: 2587 | K102: 9570 | L102: 1000 | N102: 388 | O102: 385 | Q102: 838 | R102: 404 | T102: 1202 | U102: 87859 | V102: 494 | W102: 1517 | Y102: 73054 | Z102: 47920 | AA102: 50813 | AB102: 1542 | AC102: 4442 | AD102: 4595 | AE102: 49623 | AG102: 1257 | AI102: 885 | AK102: 34177 | AM102: 83691 | AN102: 50749 | AO102: 572 | AP102: 7640 | AQ102: 85 | AT102: 56083
B103: 36 | C103: 2 | D103: 6 | E103: {=SUM(--(G103:AT103<>""))} -> 29 | G103: 6997 | J103: 4417 | K103: 75353 | L103: 83858 | M103: 9160 | N103: 715 | O103: 690 | P103: 16269 | Q103: 8406 | R103: 686 | T103: 331 | V103: 42350 | W103: 521 | Y103: 12796 | Z103: 435 | AA103: 10485 | AB103: 9394 | AD103: 6614 | AE103: 1709 | AF103: 35923 | AI103: 22691 | AJ103: 5447 | AK103: 759 | AL103: 6485 | AM103: 78984 | AN103: 74779 | AO103: 9467 | AR103: 1191 | AT103: 983
B104: 37 | C104: 2 | D104: 6 | E104: {=SUM(--(G104:AT104<>""))} -> 33 | G104: 9402 | H104: 4561 | I104: 4170 | J104: 66014 | K104: 7973 | M104: 393 | N104: 5852 | O104: 190 | P104: 6031 | Q104: 16078 | R104: 1973 | S104: 42143 | T104: 838 | U104: 45801 | V104: 7601 | W104: 144 | X104: 83575 | Y104: 6302 | Z104: 3658 | AB104: 7809 | AC104: 8353 | AF104: 39247 | AG104: 549 | AI104: 9112 | AJ104: 4820 | AK104: 6397 | AL104: 7730 | AN104: 96758 | AO104: 85246 | AP104: 981 | AR104: 657 | AS104: 737 | AT104: 46143
B105: 38 | C105: 2 | D105: 6 | E105: {=SUM(--(G105:AT105<>""))} -> 33 | G105: 96013 | H105: 71602 | I105: 2546 | L105: 484 | M105: 90064 | N105: 2550 | O105: 711 | P105: 97656 | Q105: 9464 | R105: 6985 | S105: 250 | T105: 1482 | U105: 5633 | W105: 22840 | X105: 693 | Y105: 9942 | Z105: 3469 | AA105: 4539 | AC105: 5872 | AD105: 5183 | AE105: 124 | AF105: 6492 | AG105: 660 | AH105: 7948 | AI105: 745 | AJ105: 3734 | AK105: 9839 | AL105: 1409 | AM105: 23242 | AN105: 269 | AO105: 6603 | AQ105: 338 | AT105: 4339
B106: 39 | C106: 2 | D106: 6 | E106: {=SUM(--(G106:AT106<>""))} -> 27 | G106: 9448 | J106: 2631 | L106: 5827 | M106: 217 | N106: 6231 | O106: 576 | P106: 59 | Q106: 26141 | S106: 703 | U106: 12267 | V106: 351 | W106: 73027 | Y106: 9702 | Z106: 724 | AB106: 49480 | AD106: 7177 | AE106: 78877 | AG106: 74191 | AH106: 6678 | AI106: 95255 | AL106: 46519 | AN106: 91978 | AO106: 30289 | AQ106: 182 | AR106: 6903 | AS106: 347 | AT106: 26346
B107: 40 | C107: 2 | D107: 6 | E107: {=SUM(--(G107:AT107<>""))} -> 26 | G107: 66241 | H107: 1811 | I107: 4922 | J107: 393 | L107: 1439 | M107: 32004 | N107: 8639 | O107: 6147 | P107: 7980 | Q107: 12719 | R107: 82212 | S107: 714 | V107: 81487 | X107: 208 | AA107: 2686 | AD107: 254 | AG107: 9331 | AH107: 42799 | AJ107: 91213 | AK107: 870 | AL107: 132 | AM107: 3672 | AN107: 192 | AO107: 9791 | AS107: 6723 | AT107: 82871
B110: Level 3 | C110: Medium
B112: The goblin has been busy mashing numbers into a single cell.
B113: Numbers are separated by a semi-colon. Each game has 40 numbers.
B114: Sum the numbers within each Set of Numbers.
B115: Hint: Consider using the TEXTSPLIT function.
B117: Example3: The first 10 numbers are 17617, 19142, 40, 596, 66246, 9530, 5611, 89124, 2637, and 97237.
B118: The sum of all 40 numbers is 861,767.
B120: Answer Hints:
B121: Game 41's answer is between 1,124,000 and 1,125,000.
B122: Game 42's answer is between 1,166,000 and 1,167,000.
B123: Game 43's answer is between 765,000 and 766,000.
B125: Game # | C125: Level | D125: Points | E125: Answer | G125: Sets of Numbers
B127: Example3 | C127: 3 | D127: 0 | E127: 861767 | G127: 17617;19142;40;596;66246;9530;5611;89124;2637;97237;486;6290;9805;3581;739;4337;4170;6487;7352;345;210;133;326;96198;805;96839;235;92777;30129;9922;7394;2066;20191;5316;9732;5676;99133;972;840;31501
B129: 41 | C129: 3 | D129: 7 | E129: {=SUM(--_xlfn.TEXTSPLIT(G129,";"))} -> 1124160 | G129: 15807;899;5584;22831;791;7047;78181;31564;26049;44915;75790;56863;18269;31887;46030;7245;74754;2593;84666;14073;4745;5141;625;63534;634;77736;707;1758;43339;55121;83586;638;2838;32862;94944;309;8017;438;716;634
B130: 42 | C130: 3 | D130: 7 | E130: {=SUM(--_xlfn.TEXTSPLIT(G130,";"))} -> 1166996 | G130: 9881;337;10997;22819;25055;81918;967;2735;87402;121;176;64436;2051;1796;7782;47737;4337;46621;16860;93223;5460;88493;6948;591;5712;593;796;97380;54730;30163;94;65169;88;4732;7083;27260;41843;48830;87335;66445
B131: 43 | C131: 3 | D131: 7 | E131: {=SUM(--_xlfn.TEXTSPLIT(G131,";"))} -> 765437 | G131: 468;846;27133;32294;623;7089;322;963;9713;4895;39116;5543;4092;4572;22;2421;609;95172;2897;15697;618;41593;90954;71889;84998;611;25;897;64127;106;43488;8764;1407;2080;861;21314;3869;72805;431;113
B132: 44 | C132: 3 | D132: 7 | E132: {=SUM(--_xlfn.TEXTSPLIT(G132,";"))} -> 576560 | G132: 3064;354;377;8007;6433;62695;1529;8022;404;3150;96342;6968;12073;64223;2008;59274;4546;230;739;253;505;819;4313;81521;620;6901;3126;7829;6311;2262;5482;107;5855;4367;92728;761;913;7254;497;3698
B133: 45 | C133: 3 | D133: 7 | E133: {=SUM(--_xlfn.TEXTSPLIT(G133,";"))} -> 764669 | G133: 2130;36881;8856;3374;22425;165;959;2455;4352;5672;63805;971;5100;7661;52736;28387;9831;81910;52136;13686;34778;82262;7262;433;925;9045;8372;188;9101;94137;8011;197;73;5117;28939;1271;7928;389;62131;618
B134: 46 | C134: 3 | D134: 7 | E134: {=SUM(--_xlfn.TEXTSPLIT(G134,";"))} -> 642015 | G134: 738;52191;140;996;35254;5728;1622;5606;29;57774;9219;581;409;4324;2853;4195;750;4664;78187;10;2653;967;61893;46260;324;7987;1738;15527;579;486;92353;174;8136;620;3251;7358;622;79267;45826;724
B135: 47 | C135: 3 | D135: 7 | E135: {=SUM(--_xlfn.TEXTSPLIT(G135,";"))} -> 698606 | G135: 75740;224;54282;936;39968;9009;94088;427;3707;522;1732;7104;2100;304;392;14800;4819;64659;34856;59554;369;51399;820;7336;599;75254;558;28936;473;281;28381;9251;635;29;816;1869;10842;4162;6707;666
B136: 48 | C136: 3 | D136: 7 | E136: {=SUM(--_xlfn.TEXTSPLIT(G136,";"))} -> 890754 | G136: 2893;23157;980;6031;5085;4173;76611;67880;273;5188;56698;2297;909;65207;1485;80955;30601;939;984;65103;6825;177;6334;57670;6818;458;8046;8329;78619;652;6607;2083;76849;6165;120;3686;58;40301;13521;69987
B137: 49 | C137: 3 | D137: 7 | E137: {=SUM(--_xlfn.TEXTSPLIT(G137,";"))} -> 806892 | G137: 575;974;853;566;159;325;77794;43190;93129;39245;15;9198;77334;11759;102;15225;462;90683;875;8960;229;9650;9946;70026;8266;26266;470;140;48233;8226;5168;22626;81046;539;20566;6647;9191;731;6615;888
B138: 50 | C138: 3 | D138: 7 | E138: {=SUM(--_xlfn.TEXTSPLIT(G138,";"))} -> 330042 | G138: 185;803;6056;686;497;941;103;58796;220;8047;378;383;927;5062;4677;9065;92491;37960;5194;338;40315;846;986;5428;3995;602;64;445;6615;335;9564;995;6129;172;5866;417;113;6896;1413;6037
...

Sheet Graded Answers
B1: Your Answers
B2: Game # | C2: Answer | D2: Points
B3: Bonus 1 | C3: =IF(ISBLANK(Case!E24),"",Case!E24) -> 8 | D3: 30
B4: Bonus 2 | C4: =IF(ISBLANK(Case!E25),"",Case!E25) -> 199601 | D4: 40
B5: Bonus 3 | C5: =IF(ISBLANK(Case!E26),"",Case!E26) -> 96 | D5: 50 | O5: 1130
B6: Bonus 4 | C6: =IF(ISBLANK(Case!E27),"",Case!E27) -> 12 | D6: 60 | O6: =SUM(D3:D147) -> 1250 | P6: =O6-O5 -> 120
B7: Bonus 5 | C7: =IF(ISBLANK(Case!E28),"",Case!E28) -> 152 | D7: 70
B8: 1 | C8: =IF(ISBLANK(Case!E49),"",Case!E49) -> TEXTJOIN | D8: 4
B9: =B8+1 -> 2 | C9: =IF(ISBLANK(Case!E50),"",Case!E50) -> INDEX | D9: 4
B10: =B9+1 -> 3 | C10: =IF(ISBLANK(Case!E51),"",Case!E51) -> CONCAT | D10: 4
B11: =B10+1 -> 4 | C11: =IF(ISBLANK(Case!E52),"",Case!E52) -> INDEX | D11: 4
B12: =B11+1 -> 5 | C12: =IF(ISBLANK(Case!E53),"",Case!E53) -> COUNTA | D12: 4
B13: =B12+1 -> 6 | C13: =IF(ISBLANK(Case!E54),"",Case!E54) -> IFS | D13: 4
B14: =B13+1 -> 7 | C14: =IF(ISBLANK(Case!E55),"",Case!E55) -> LEN | D14: 4
B15: =B14+1 -> 8 | C15: =IF(ISBLANK(Case!E56),"",Case!E56) -> IFERROR | D15: 4
B16: =B15+1 -> 9 | C16: =IF(ISBLANK(Case!E57),"",Case!E57) -> MINIFS | D16: 4
B17: =B16+1 -> 10 | C17: =IF(ISBLANK(Case!E58),"",Case!E58) -> SUMIFS | D17: 4
B18: =B17+1 -> 11 | C18: =IF(ISBLANK(Case!E59),"",Case!E59) -> EOMONTH | D18: 4
B19: =B18+1 -> 12 | C19: =IF(ISBLANK(Case!E60),"",Case!E60) -> VLOOKUP | D19: 4
B20: =B19+1 -> 13 | C20: =IF(ISBLANK(Case!E61),"",Case!E61) -> MATCH | D20: 4
... B27: =B26+1 -> 20 | C27: =IF(ISBLANK(Case!E68),"",Case!E68) -> TEXT | D27: 4
B28: =B27+1 -> 21 | C28: =IF(ISBLANK(Case!E88),"",Case!E88) -> 33 | D28: 6
B29: =B28+1 -> 22 | C29: =IF(ISBLANK(Case!E89),"",Case!E89) -> 26 | D29: 6
B30: =B29+1 -> 23 | C30: =IF(ISBLANK(Case!E90),"",Case!E90) -> 23 | D30: 6
B31: =B30+1 -> 24 | C31: =IF(ISBLANK(Case!E91),"",Case!E91) -> 34 | D31: 6
B32: =B31+1 -> 25 | C32: =IF(ISBLANK(Case!E92),"",Case!E92) -> 28 | D32: 6
B33: =B32+1 -> 26 | C33: =IF(ISBLANK(Case!E93),"",Case!E93) -> 29 | D33: 6
B34: =B33+1 -> 27 | C34: =IF(ISBLANK(Case!E94),"",Case!E94) -> 29 | D34: 6
B35: =B34+1 -> 28 | C35: =IF(ISBLANK(Case!E95),"",Case!E95) -> 27 | D35: 6
B36: =B35+1 -> 29 | C36: =IF(ISBLANK(Case!E96),"",Case!E96) -> 28 | D36: 6
B37: =B36+1 -> 30 | C37: =IF(ISBLANK(Case!E97),"",Case!E97) -> 32 | D37: 6
B38: =B37+1 -> 31 | C38: =IF(ISBLANK(Case!E98),"",Case!E98) -> 31 | D38: 6
B39: =B38+1 -> 32 | C39: =IF(ISBLANK(Case!E99),"",Case!E99) -> 31 | D39: 6
... B47: =B46+1 -> 40 | C47: =IF(ISBLANK(Case!E107),"",Case!E107) -> 26 | D47: 6
B48: =B47+1 -> 41 | C48: =IF(ISBLANK(Case!E129),"",Case!E129) -> 1124160 | D48: 7
B49: =B48+1 -> 42 | C49: =IF(ISBLANK(Case!E130),"",Case!E130) -> 1166996 | D49: 7
B50: =B49+1 -> 43 | C50: =IF(ISBLANK(Case!E131),"",Case!E131) -> 765437 | D50: 7
B51: =B50+1 -> 44 | C51: =IF(ISBLANK(Case!E132),"",Case!E132) -> 576560 | D51: 7
B52: =B51+1 -> 45 | C52: =IF(ISBLANK(Case!E133),"",Case!E133) -> 764669 | D52: 7
B53: =B52+1 -> 46 | C53: =IF(ISBLANK(Case!E134),"",Case!E134) -> 642015 | D53: 7
B54: =B53+1 -> 47 | C54: =IF(ISBLANK(Case!E135),"",Case!E135) -> 698606 | D54: 7
B55: =B54+1 -> 48 | C55: =IF(ISBLANK(Case!E136),"",Case!E136) -> 890754 | D55: 7
B56: =B55+1 -> 49 | C56: =IF(ISBLANK(Case!E137),"",Case!E137) -> 806892 | D56: 7
B57: =B56+1 -> 50 | C57: =IF(ISBLANK(Case!E138),"",Case!E138) -> 330042 | D57: 7
B58: =B57+1 -> 51 | C58: =IF(ISBLANK(Case!E139),"",Case!E139) -> 1016746 | D58: 7
B59: =B58+1 -> 52 | C59: =IF(ISBLANK(Case!E140),"",Case!E140) -> 634563 | D59: 7
... B67: =B66+1 -> 60 | C67: =IF(ISBLANK(Case!E148),"",Case!E148) -> 872199 | D67: 7
B68: =B67+1 -> 61 | C68: =IF(ISBLANK(Case!E169),"",Case!E169) -> 4 | D68: 7
B69: =B68+1 -> 62 | C69: =IF(ISBLANK(Case!E170),"",Case!E170) -> 9 | D69: 7
B70: =B69+1 -> 63 | C70: =IF(ISBLANK(Case!E171),"",Case!E171) -> 2 | D70: 7
B71: =B70+1 -> 64 | C71: =IF(ISBLANK(Case!E172),"",Case!E172) -> 8 | D71: 7
B72: =B71+1 -> 65 | C72: =IF(ISBLANK(Case!E173),"",Case!E173) -> 1 | D72: 7
B73: =B72+1 -> 66 | C73: =IF(ISBLANK(Case!E174),"",Case!E174) -> 6 | D73: 7
B74: =B73+1 -> 67 | C74: =IF(ISBLANK(Case!E175),"",Case!E175) -> 2 | D74: 7
B75: =B74+1 -> 68 | C75: =IF(ISBLANK(Case!E176),"",Case!E176) -> 3 | D75: 7
B76: =B75+1 -> 69 | C76: =IF(ISBLANK(Case!E177),"",Case!E177) -> 7 | D76: 7
B77: =B76+1 -> 70 | C77: =IF(ISBLANK(Case!E178),"",Case!E178) -> 8 | D77: 7
B78: =B77+1 -> 71 | C78: =IF(ISBLANK(Case!E179),"",Case!E179) -> 6 | D78: 7
B79: =B78+1 -> 72 | C79: =IF(ISBLANK(Case!E180),"",Case!E180) -> 9 | D79: 7
... B87: =B86+1 -> 80 | C87: =IF(ISBLANK(Case!E188),"",Case!E188) -> 3 | D87: 7
B88: =B87+1 -> 81 | C88: =IF(ISBLANK(Case!E212),"",Case!E212) -> 653838 | D88: 8
B89: =B88+1 -> 82 | C89: =IF(ISBLANK(Case!E213),"",Case!E213) -> 364831 | D89: 8
B90: =B89+1 -> 83 | C90: =IF(ISBLANK(Case!E214),"",Case!E214) -> 630486 | D90: 8
B91: =B90+1 -> 84 | C91: =IF(ISBLANK(Case!E215),"",Case!E215) -> 481614 | D91: 8
B92: =B91+1 -> 85 | C92: =IF(ISBLANK(Case!E216),"",Case!E216) -> 608229 | D92: 8
B93: =B92+1 -> 86 | C93: =IF(ISBLANK(Case!E217),"",Case!E217) -> 786322 | D93: 8
B94: =B93+1 -> 87 | C94: =IF(ISBLANK(Case!E218),"",Case!E218) -> 619661 | D94: 8
B95: =B94+1 -> 88 | C95: =IF(ISBLANK(Case!E219),"",Case!E219) -> 481664 | D95: 8
B96: =B95+1 -> 89 | C96: =IF(ISBLANK(Case!E220),"",Case!E220) -> 609960 | D96: 8
B97: =B96+1 -> 90 | C97: =IF(ISBLANK(Case!E221),"",Case!E221) -> 876979 | D97: 8
B98: =B97+1 -> 91 | C98: =IF(ISBLANK(Case!E222),"",Case!E222) -> 868323 | D98: 8
B99: =B98+1 -> 92 | C99: =IF(ISBLANK(Case!E223),"",Case!E223) -> 629251 | D99: 8
... B107: =B106+1 -> 100 | C107: =IF(ISBLANK(Case!E231),"",Case!E231) -> 628206 | D107: 8
B108: =B107+1 -> 101 | C108: =IF(ISBLANK(Case!E255),"",Case!E255) -> 144 | D108: 8
B109: =B108+1 -> 102 | C109: =IF(ISBLANK(Case!E256),"",Case!E256) -> 168 | D109: 8
B110: =B109+1 -> 103 | C110: =IF(ISBLANK(Case!E257),"",Case!E257) -> 182 | D110: 8
B111: =B110+1 -> 104 | C111: =IF(ISBLANK(Case!E258),"",Case!E258) -> 198 | D111: 8
B112: =B111+1 -> 105 | C112: =IF(ISBLANK(Case!E259),"",Case!E259) -> 193 | D112: 8
B113: =B112+1 -> 106 | C113: =IF(ISBLANK(Case!E260),"",Case!E260) -> 212 | D113: 8
B114: =B113+1 -> 107 | C114: =IF(ISBLANK(Case!E261),"",Case!E261) -> 179 | D114: 8
B115: =B114+1 -> 108 | C115: =IF(ISBLANK(Case!E262),"",Case!E262) -> 199 | D115: 8
B116: =B115+1 -> 109 | C116: =IF(ISBLANK(Case!E263),"",Case!E263) -> 166 | D116: 8
B117: =B116+1 -> 110 | C117: =IF(ISBLANK(Case!E264),"",Case!E264) -> 157 | D117: 8
B118: =B117+1 -> 111 | C118: =IF(ISBLANK(Case!E265),"",Case!E265) -> 169 | D118: 8
B119: =B118+1 -> 112 | C119: =IF(ISBLANK(Case!E266),"",Case!E266) -> 169 | D119: 8
... B127: =B126+1 -> 120 | C127: =IF(ISBLANK(Case!E274),"",Case!E274) -> 157 | D127: 8
B128: =B127+1 -> 121 | C128: =IF(ISBLANK(Case!E298),"",Case!E298) -> 115 | D128: 10
B129: =B128+1 -> 122 | C129: =IF(ISBLANK(Case!E299),"",Case!E299) -> 860 | D129: 10
B130: =B129+1 -> 123 | C130: =IF(ISBLANK(Case!E300),"",Case!E300) -> 2809 | D130: 10
B131: =B130+1 -> 124 | C131: =IF(ISBLANK(Case!E301),"",Case!E301) -> 6832 | D131: 10
B132: =B131+1 -> 125 | C132: =IF(ISBLANK(Case!E302),"",Case!E302) -> 1761 | D132: 10
B133: =B132+1 -> 126 | C133: =IF(ISBLANK(Case!E303),"",Case!E303) -> 4691 | D133: 10
B134: =B133+1 -> 127 | C134: =IF(ISBLANK(Case!E304),"",Case!E304) -> 6232 | D134: 10
B135: =B134+1 -> 128 | C135: =IF(ISBLANK(Case!E305),"",Case!E305) -> 47181 | D135: 10
B136: =B135+1 -> 129 | C136: =IF(ISBLANK(Case!E306),"",Case!E306) -> 3223 | D136: 10
B137: =B136+1 -> 130 | C137: =IF(ISBLANK(Case!E307),"",Case!E307) -> 82741 | D137: 10
B138: =B137+1 -> 131 | C138: =IF(ISBLANK(Case!E308),"",Case!E308) -> 1749 | D138: 10
B139: =B138+1 -> 132 | C139: =IF(ISBLANK(Case!E309),"",Case!E309) -> 67387 | D139: 10
... B147: =B146+1 -> 140 | C147: =IF(ISBLANK(Case!E317),"",Case!E317) -> 650 | D147: 10
